2014-05-25T05:22:07Z,52.3920720,4.8593060,0.0
2014-05-25T05:22:12Z,52.3920700,4.8592920,-1.2
2014-05-25T05:22:54Z,52.3920680,4.8592770,-0.8
2014-05-25T05:22:55Z,52.3920670,4.8592630,-0.4
2014-05-25T05:22:56Z,52.3920650,4.8592490,0.0
2014-05-25T05:22:57Z,52.3920630,4.8592340,0.4
2014-05-25T05:22:58Z,52.3920610,4.8592200,0.8
2014-05-25T05:24:01Z,52.3920600,4.8592060,0.4
2014-05-25T05:24:02Z,52.3920580,4.8591910,0.0
2014-05-25T05:24:03Z,52.3920560,4.8591770,-0.4
2014-05-25T05:24:04Z,52.3920540,4.8591630,-0.8
2014-05-25T05:24:05Z,52.3920530,4.8591490,-1.2
2014-05-25T05:25:06Z,52.3920510,4.8591340,-1.2
2014-05-25T05:25:07Z,52.3920490,4.8591200,-1.2
2014-05-25T05:25:08Z,52.3920260,4.8589340,-1.2
2014-05-25T05:25:12Z,52.3920030,4.8579670,-1.2
2014-05-25T05:25:19Z,52.3919520,4.8571390,-1.2
2014-05-25T05:25:28Z,52.3918760,4.8562110,-1.2
2014-05-25T05:25:32Z,52.3918650,4.8558230,-1.2
2014-05-25T05:25:34Z,52.3917940,4.8556900,-1.2
2014-05-25T05:25:37Z,52.3916120,4.8556540,-1.2
2014-05-25T05:25:39Z,52.3914490,4.8556790,-1.2
2014-05-25T05:25:41Z,52.3912950,4.8556830,-1.2
2014-05-25T05:25:48Z,52.3907610,4.8557460,-1.2
2014-05-25T05:25:55Z,52.3902520,4.8557780,-1.2
2014-05-25T05:25:58Z,52.3900400,4.8558110,-0.8
2014-05-25T05:25:59Z,52.3899700,4.8558220,-0.4
2014-05-25T05:26:00Z,52.3898960,4.8558350,0.0
2014-05-25T05:26:01Z,52.3898340,4.8558330,0.4
2014-05-25T05:26:02Z,52.3897690,4.8558340,0.8
2014-05-25T05:26:03Z,52.3897010,4.8558310,0.8
2014-05-25T05:26:08Z,52.3893650,4.8558240,0.8
2014-05-25T05:26:10Z,52.3892640,4.8556690,0.8
2014-05-25T05:26:12Z,52.3892680,4.8554050,0.8
2014-05-25T05:26:14Z,52.3892990,4.8551320,0.8
2014-05-25T05:26:17Z,52.3893030,4.8547330,0.8
2014-05-25T05:26:24Z,52.3892880,4.8538240,0.8
2014-05-25T05:26:25Z,52.3892790,4.8536960,0.8
2014-05-25T05:26:32Z,52.3892610,4.8527950,0.8
2014-05-25T05:26:34Z,52.3892600,4.8525250,0.8
2014-05-25T05:26:36Z,52.3892600,4.8522660,0.4
2014-05-25T05:26:37Z,52.3892560,4.8521410,0.0
2014-05-25T05:26:38Z,52.3892530,4.8520230,-0.4
2014-05-25T05:26:39Z,52.3892490,4.8519010,-0.8
2014-05-25T05:26:40Z,52.3892430,4.8517870,-1.2
2014-05-25T05:26:42Z,52.3892340,4.8515530,-1.2
2014-05-25T05:26:48Z,52.3892270,4.8509190,-1.2
2014-05-25T05:26:52Z,52.3891060,4.8505610,-1.2
2014-05-25T05:26:55Z,52.3889300,4.8504110,-1.2
2014-05-25T05:26:56Z,52.3888680,4.8503630,-1.2
2014-05-25T05:26:58Z,52.3887350,4.8502530,-1.2
2014-05-25T05:27:00Z,52.3886220,4.8500790,-1.2
2014-05-25T05:27:03Z,52.3885920,4.8497380,-1.2
2014-05-25T05:27:09Z,52.3885560,4.8490110,-1.2
2014-05-25T05:27:18Z,52.3885140,4.8480410,-1.2
2014-05-25T05:27:19Z,52.3885110,4.8479290,-1.2
2014-05-25T05:27:27Z,52.3884660,4.8470810,-1.2
2014-05-25T05:27:30Z,52.3884200,4.8468100,-1.2
2014-05-25T05:27:31Z,52.3883940,4.8467230,-1.2
2014-05-25T05:27:35Z,52.3882350,4.8464550,-1.2
2014-05-25T05:27:38Z,52.3880720,4.8463480,-1.2
2014-05-25T05:27:39Z,52.3880060,4.8463350,-1.2
2014-05-25T05:27:44Z,52.3876890,4.8462980,-1.2
2014-05-25T05:27:45Z,52.3876260,4.8462760,-1.2
2014-05-25T05:27:49Z,52.3873800,4.8461880,-1.2
2014-05-25T05:27:57Z,52.3868970,4.8460360,-1.2
2014-05-25T05:28:04Z,52.3865890,4.8457380,-1.2
2014-05-25T05:28:11Z,52.3863040,4.8455570,-1.2
2014-05-25T05:28:15Z,52.3862300,4.8454270,-1.2
2014-05-25T05:28:17Z,52.3862610,4.8452240,-1.2
2014-05-25T05:28:24Z,52.3862680,4.8446350,-1.2
2014-05-25T05:28:28Z,52.3862460,4.8443270,-0.8
2014-05-25T05:28:29Z,52.3862280,4.8442300,-0.4
2014-05-25T05:28:31Z,52.3862100,4.8440360,0.2
2014-05-25T05:28:32Z,52.3861980,4.8439150,0.6
2014-05-25T05:28:33Z,52.3861890,4.8438010,1.0
2014-05-25T05:28:37Z,52.3861760,4.8433580,1.0
2014-05-25T05:28:45Z,52.3861830,4.8424730,1.0
2014-05-25T05:28:53Z,52.3861830,4.8415110,1.0
2014-05-25T05:29:01Z,52.3861870,4.8405590,1.0
2014-05-25T05:29:02Z,52.3861850,4.8404410,1.0
2014-05-25T05:29:10Z,52.3861890,4.8394840,1.0
2014-05-25T05:29:14Z,52.3861850,4.8390290,1.0
2014-05-25T05:29:22Z,52.3861870,4.8381250,1.0
2014-05-25T05:29:24Z,52.3861750,4.8379000,1.0
2014-05-25T05:29:31Z,52.3861630,4.8370740,1.0
2014-05-25T05:29:38Z,52.3861500,4.8363230,1.0
2014-05-25T05:29:45Z,52.3861490,4.8357010,1.0
2014-05-25T05:29:51Z,52.3861460,4.8352670,1.0
2014-05-25T05:29:58Z,52.3861420,4.8345630,1.0
2014-05-25T05:30:03Z,52.3861370,4.8341200,1.0
2014-05-25T05:30:04Z,52.3861210,4.8340560,1.0
2014-05-25T05:30:07Z,52.3860060,4.8340340,1.0
2014-05-25T05:30:08Z,52.3859510,4.8340410,1.0
2014-05-25T05:30:11Z,52.3857620,4.8340840,1.0
2014-05-25T05:30:15Z,52.3854960,4.8341290,0.6
2014-05-25T05:30:16Z,52.3854360,4.8341320,0.2
2014-05-25T05:30:17Z,52.3853760,4.8341310,-0.2
2014-05-25T05:30:18Z,52.3853190,4.8341340,-0.8
2014-05-25T05:30:19Z,52.3852620,4.8341380,-1.2
2014-05-25T05:30:24Z,52.3850940,4.8339290,-1.2
2014-05-25T05:30:27Z,52.3851070,4.8335960,-1.2
2014-05-25T05:30:34Z,52.3851020,4.8328450,-1.2
2014-05-25T05:30:41Z,52.3851020,4.8321160,-1.2
2014-05-25T05:30:48Z,52.3851200,4.8313450,-1.2
2014-05-25T05:30:50Z,52.3851470,4.8311360,-1.2
2014-05-25T05:30:52Z,52.3851690,4.8309270,-0.8
2014-05-25T05:30:53Z,52.3851820,4.8308320,-0.2
2014-05-25T05:30:54Z,52.3851950,4.8307310,0.2
2014-05-25T05:30:55Z,52.3852040,4.8306280,0.6
2014-05-25T05:30:56Z,52.3851970,4.8305140,1.0
2014-05-25T05:30:58Z,52.3851830,4.8303060,1.0
2014-05-25T05:31:05Z,52.3851750,4.8295000,1.0
2014-05-25T05:31:13Z,52.3852420,4.8285430,1.0
2014-05-25T05:31:16Z,52.3852640,4.8281960,1.0
2014-05-25T05:31:18Z,52.3852620,4.8279310,1.0
2014-05-25T05:31:25Z,52.3852730,4.8270290,0.6
2014-05-25T05:31:26Z,52.3852690,4.8268980,0.2
2014-05-25T05:31:27Z,52.3852690,4.8267620,-0.2
2014-05-25T05:31:28Z,52.3852680,4.8266240,-0.8
2014-05-25T05:31:29Z,52.3852670,4.8264900,-1.2
2014-05-25T05:31:34Z,52.3852690,4.8258000,-1.2
2014-05-25T05:31:37Z,52.3852400,4.8253840,-1.2
2014-05-25T05:31:39Z,52.3851860,4.8251190,-1.2
2014-05-25T05:31:41Z,52.3851550,4.8248390,-1.2
2014-05-25T05:31:43Z,52.3851580,4.8245410,-1.2
2014-05-25T05:31:49Z,52.3851390,4.8236610,-1.2
2014-05-25T05:31:56Z,52.3851410,4.8226430,-1.2
2014-05-25T05:31:58Z,52.3851430,4.8223570,-1.2
2014-05-25T05:32:05Z,52.3851340,4.8213560,-1.2
2014-05-25T05:32:08Z,52.3851200,4.8209390,-1.2
2014-05-25T05:32:15Z,52.3851170,4.8199880,-1.2
2014-05-25T05:32:16Z,52.3851170,4.8198540,-1.2
2014-05-25T05:32:22Z,52.3851240,4.8191690,-1.2
2014-05-25T05:32:26Z,52.3851750,4.8189530,-1.2
2014-05-25T05:32:30Z,52.3852400,4.8188830,-1.2
2014-05-25T05:32:38Z,52.3852850,4.8185640,-1.2
2014-05-25T05:32:44Z,52.3851880,4.8184000,-1.2
2014-05-25T05:32:47Z,52.3851650,4.8182080,-1.2
2014-05-25T05:32:48Z,52.3851760,4.8181080,-1.2
2014-05-25T05:32:56Z,52.3852080,4.8172550,-1.2
2014-05-25T05:33:02Z,52.3852130,4.8164660,-1.2
2014-05-25T05:33:09Z,52.3852140,4.8154460,-1.2
2014-05-25T05:33:11Z,52.3852190,4.8151460,-1.2
2014-05-25T05:33:18Z,52.3852110,4.8141330,-1.2
2014-05-25T05:33:19Z,52.3852150,4.8139870,-1.2
2014-05-25T05:33:25Z,52.3852100,4.8130920,-1.2
2014-05-25T05:33:27Z,52.3852050,4.8127950,-1.2
2014-05-25T05:33:34Z,52.3851940,4.8117940,-1.2
2014-05-25T05:33:35Z,52.3851930,4.8116540,-1.2
2014-05-25T05:33:37Z,52.3852090,4.8113880,-1.2
2014-05-25T05:33:39Z,52.3852960,4.8111930,-1.2
2014-05-25T05:33:41Z,52.3854010,4.8110380,-1.2
2014-05-25T05:33:43Z,52.3854660,4.8108220,-1.2
2014-05-25T05:33:48Z,52.3854920,4.8102780,-1.2
2014-05-25T05:33:49Z,52.3854940,4.8101780,-1.2
2014-05-25T05:33:51Z,52.3855980,4.8100550,-1.2
2014-05-25T05:33:54Z,52.3858070,4.8100560,-1.2
2014-05-25T05:33:55Z,52.3858810,4.8100670,-1.2
2014-05-25T05:34:00Z,52.3862650,4.8100430,-1.2
2014-05-25T05:34:07Z,52.3867660,4.8099150,-1.2
2014-05-25T05:34:13Z,52.3871730,4.8096920,-1.2
2014-05-25T05:34:21Z,52.3877420,4.8094070,-1.2
2014-05-25T05:34:25Z,52.3879990,4.8092390,-1.2
2014-05-25T05:34:27Z,52.3881350,4.8091220,-1.2
2014-05-25T05:34:29Z,52.3882510,4.8089700,-1.2
2014-05-25T05:34:31Z,52.3883180,4.8087220,-1.2
2014-05-25T05:34:33Z,52.3883470,4.8084470,-1.2
2014-05-25T05:34:34Z,52.3883610,4.8083200,-1.2
2014-05-25T05:34:40Z,52.3883670,4.8075510,-1.2
2014-05-25T05:34:46Z,52.3883160,4.8069140,-1.2
2014-05-25T05:34:50Z,52.3881350,4.8064880,-1.2
2014-05-25T05:34:51Z,52.3880730,4.8063930,-1.2
2014-05-25T05:34:58Z,52.3876430,4.8056870,-1.2
2014-05-25T05:35:05Z,52.3872470,4.8050220,-1.2
2014-05-25T05:35:07Z,52.3871390,4.8048110,-1.2
2014-05-25T05:35:08Z,52.3871100,4.8046760,-1.2
2014-05-25T05:35:10Z,52.3870450,4.8044290,-1.2
2014-05-25T05:35:17Z,52.3868210,4.8035800,-1.2
2014-05-25T05:35:19Z,52.3867490,4.8033340,-1.2
2014-05-25T05:35:24Z,52.3865710,4.8027400,-1.2
2014-05-25T05:35:26Z,52.3864590,4.8025290,-1.2
2014-05-25T05:35:28Z,52.3863250,4.8023500,-1.2
2014-05-25T05:35:31Z,52.3861340,4.8021010,-1.2
2014-05-25T05:35:33Z,52.3860320,4.8018980,-1.2
2014-05-25T05:35:35Z,52.3859600,4.8016550,-1.2
2014-05-25T05:35:40Z,52.3858570,4.8010550,-1.2
2014-05-25T05:35:41Z,52.3858650,4.8009330,-1.2
2014-05-25T05:35:44Z,52.3859490,4.8006210,-1.2
2014-05-25T05:35:45Z,52.3859720,4.8005280,-1.2
2014-05-25T05:35:47Z,52.3859350,4.8002810,-1.2
2014-05-25T05:35:48Z,52.3859120,4.8001340,-1.2
2014-05-25T05:35:54Z,52.3857780,4.7994100,-1.2
2014-05-25T05:35:55Z,52.3857590,4.7992880,-0.6
2014-05-25T05:35:56Z,52.3857380,4.7991710,-0.2
2014-05-25T05:35:57Z,52.3857130,4.7990500,0.2
2014-05-25T05:35:58Z,52.3856840,4.7989290,0.6
2014-05-25T05:35:59Z,52.3856560,4.7988100,1.0
2014-05-25T05:36:01Z,52.3856100,4.7985530,1.0
2014-05-25T05:36:08Z,52.3854920,4.7976100,1.0
2014-05-25T05:36:09Z,52.3854740,4.7974770,1.0
2014-05-25T05:36:16Z,52.3853720,4.7965400,1.0
2014-05-25T05:36:17Z,52.3853580,4.7964020,1.0
2014-05-25T05:36:20Z,52.3853060,4.7959800,0.6
2014-05-25T05:36:21Z,52.3852880,4.7958200,0.2
2014-05-25T05:36:22Z,52.3852710,4.7956840,-0.2
2014-05-25T05:36:23Z,52.3852530,4.7955400,-0.6
2014-05-25T05:36:24Z,52.3852420,4.7954000,-1.0
2014-05-25T05:36:31Z,52.3852390,4.7943910,-1.0
2014-05-25T05:36:32Z,52.3852450,4.7942530,-1.0
2014-05-25T05:36:38Z,52.3852530,4.7933500,-1.0
2014-05-25T05:36:39Z,52.3852540,4.7932090,-1.0
2014-05-25T05:36:45Z,52.3852660,4.7923210,-1.0
2014-05-25T05:36:47Z,52.3852640,4.7920150,-1.0
2014-05-25T05:36:54Z,52.3852260,4.7910050,-1.0
2014-05-25T05:37:01Z,52.3852190,4.7900020,-1.0
2014-05-25T05:37:08Z,52.3850660,4.7890940,-1.0
2014-05-25T05:37:15Z,52.3850180,4.7881560,-1.0
2014-05-25T05:37:21Z,52.3850340,4.7873370,-1.0
2014-05-25T05:37:28Z,52.3850530,4.7863610,-1.0
2014-05-25T05:37:30Z,52.3850560,4.7860760,-1.0
2014-05-25T05:37:37Z,52.3850610,4.7851110,-1.0
2014-05-25T05:37:40Z,52.3850520,4.7847110,-1.0
2014-05-25T05:37:47Z,52.3850310,4.7837370,-1.0
2014-05-25T05:37:49Z,52.3850250,4.7834580,-1.0
2014-05-25T05:37:56Z,52.3850330,4.7824750,-1.0
2014-05-25T05:37:58Z,52.3850370,4.7821860,-1.0
2014-05-25T05:38:00Z,52.3850390,4.7818990,-1.0
2014-05-25T05:38:05Z,52.3850310,4.7811710,-1.0
2014-05-25T05:38:12Z,52.3850140,4.7802430,-1.0
2014-05-25T05:38:15Z,52.3850120,4.7798340,-1.0
2014-05-25T05:38:21Z,52.3850760,4.7790140,-1.0
2014-05-25T05:38:22Z,52.3851080,4.7788900,-1.0
2014-05-25T05:38:26Z,52.3852940,4.7784650,-1.0
2014-05-25T05:38:28Z,52.3854240,4.7782900,-1.0
2014-05-25T05:38:31Z,52.3856170,4.7780220,-1.0
2014-05-25T05:38:33Z,52.3857530,4.7778830,-1.0
2014-05-25T05:38:36Z,52.3859720,4.7777260,-1.0
2014-05-25T05:38:41Z,52.3863330,4.7775260,-1.0
2014-05-25T05:38:42Z,52.3864150,4.7775140,-1.0
2014-05-25T05:38:48Z,52.3869170,4.7775030,-1.0
2014-05-25T05:38:50Z,52.3870760,4.7775240,-1.0
2014-05-25T05:38:53Z,52.3873120,4.7776100,-1.0
2014-05-25T05:38:54Z,52.3873930,4.7776060,-1.0
2014-05-25T05:38:56Z,52.3875470,4.7775460,-1.0
2014-05-25T05:38:59Z,52.3877640,4.7773550,-1.0
2014-05-25T05:39:00Z,52.3878300,4.7773120,-1.0
2014-05-25T05:39:01Z,52.3879040,4.7773030,-1.0
2014-05-25T05:39:03Z,52.3880540,4.7773150,-1.0
2014-05-25T05:39:11Z,52.3886440,4.7773130,-1.0
2014-05-25T05:39:18Z,52.3890700,4.7772910,-1.0
2014-05-25T05:39:22Z,52.3892380,4.7772810,-1.0
2014-05-25T05:39:23Z,52.3892800,4.7772390,-1.0
2014-05-25T05:39:26Z,52.3893000,4.7769900,-1.0
2014-05-25T05:39:28Z,52.3892880,4.7767540,-1.0
2014-05-25T05:39:29Z,52.3892880,4.7766370,-1.0
2014-05-25T05:39:34Z,52.3892980,4.7759410,-1.0
2014-05-25T05:39:41Z,52.3892960,4.7749580,-1.0
2014-05-25T05:39:42Z,52.3892960,4.7748160,-1.0
2014-05-25T05:39:49Z,52.3893020,4.7738310,-1.0
2014-05-25T05:39:53Z,52.3892980,4.7732820,-1.0
2014-05-25T05:40:00Z,52.3893050,4.7723880,-1.0
2014-05-25T05:40:01Z,52.3893110,4.7722510,-1.0
2014-05-25T05:40:05Z,52.3893480,4.7717090,-1.0
2014-05-25T05:40:07Z,52.3894290,4.7714640,-1.0
2014-05-25T05:40:09Z,52.3895580,4.7712480,-1.0
2014-05-25T05:40:10Z,52.3896080,4.7711440,-1.0
2014-05-25T05:40:15Z,52.3898240,4.7706920,-1.0
2014-05-25T05:40:17Z,52.3899050,4.7705390,-0.6
2014-05-25T05:40:18Z,52.3899320,4.7704980,-0.2
2014-05-25T05:40:19Z,52.3899600,4.7704480,0.2
2014-05-25T05:40:20Z,52.3899550,4.7703810,0.6
2014-05-25T05:40:21Z,52.3899580,4.7703290,1.0
2014-05-25T05:40:23Z,52.3899180,4.7702480,1.0
2014-05-25T05:40:25Z,52.3898200,4.7701280,1.0
2014-05-25T05:40:26Z,52.3897690,4.7700560,1.0
2014-05-25T05:40:28Z,52.3896470,4.7698970,1.0
2014-05-25T05:40:30Z,52.3895010,4.7697990,1.0
2014-05-25T05:40:37Z,52.3890090,4.7693590,1.0
2014-05-25T05:40:38Z,52.3889390,4.7693100,1.0
2014-05-25T05:40:39Z,52.3888660,4.7692680,1.4
2014-05-25T05:40:40Z,52.3887950,4.7692160,2.0
2014-05-25T05:40:41Z,52.3887300,4.7691650,2.4
2014-05-25T05:40:42Z,52.3886640,4.7691100,2.8
2014-05-25T05:40:43Z,52.3885960,4.7690500,3.2
2014-05-25T05:40:45Z,52.3884610,4.7689230,3.2
2014-05-25T05:40:50Z,52.3881080,4.7685790,2.8
2014-05-25T05:40:51Z,52.3880310,4.7685220,2.2
2014-05-25T05:40:52Z,52.3879530,4.7684690,1.8
2014-05-25T05:40:53Z,52.3878730,4.7684250,1.4
2014-05-25T05:40:54Z,52.3877940,4.7683830,0.8
2014-05-25T05:40:55Z,52.3877280,4.7683030,0.8
2014-05-25T05:40:57Z,52.3876360,4.7680770,0.8
2014-05-25T05:41:00Z,52.3876030,4.7676850,0.8
2014-05-25T05:41:02Z,52.3876130,4.7674280,0.8
2014-05-25T05:41:06Z,52.3876100,4.7669150,0.8
2014-05-25T05:41:13Z,52.3876140,4.7660100,0.8
2014-05-25T05:41:15Z,52.3876190,4.7657420,0.8
2014-05-25T05:41:22Z,52.3876250,4.7648140,0.8
2014-05-25T05:41:28Z,52.3876300,4.7640110,0.8
2014-05-25T05:41:35Z,52.3876300,4.7630260,0.8
2014-05-25T05:41:37Z,52.3876280,4.7627450,0.8
2014-05-25T05:41:44Z,52.3876210,4.7617940,0.8
2014-05-25T05:41:45Z,52.3876040,4.7616680,0.8
2014-05-25T05:41:49Z,52.3873880,4.7612580,0.8
2014-05-25T05:41:50Z,52.3873260,4.7611670,0.8
2014-05-25T05:41:53Z,52.3871680,4.7608870,0.8
2014-05-25T05:41:55Z,52.3871070,4.7606710,0.8
2014-05-25T05:41:58Z,52.3871210,4.7603100,0.8
2014-05-25T05:42:01Z,52.3872290,4.7599640,0.8
2014-05-25T05:42:05Z,52.3874660,4.7595880,0.8
2014-05-25T05:42:06Z,52.3875240,4.7595020,0.8
2014-05-25T05:42:07Z,52.3875640,4.7594020,0.8
2014-05-25T05:42:09Z,52.3876120,4.7591850,0.8
2014-05-25T05:42:12Z,52.3876000,4.7587850,0.8
2014-05-25T05:42:16Z,52.3875780,4.7583360,0.8
2014-05-25T05:42:19Z,52.3876660,4.7579710,0.8
2014-05-25T05:42:26Z,52.3878230,4.7570120,0.8
2014-05-25T05:42:33Z,52.3879850,4.7560800,0.8
2014-05-25T05:42:35Z,52.3880290,4.7558210,0.8
2014-05-25T05:42:42Z,52.3881680,4.7550010,0.8
2014-05-25T05:42:49Z,52.3882780,4.7543170,0.8
2014-05-25T05:42:54Z,52.3883400,4.7539630,0.8
2014-05-25T05:42:55Z,52.3883710,4.7539020,0.8
2014-05-25T05:42:57Z,52.3884460,4.7539080,0.8
2014-05-25T05:43:00Z,52.3885610,4.7540230,0.8
2014-05-25T05:43:01Z,52.3885980,4.7540440,0.8
2014-05-25T05:43:10Z,52.3889650,4.7541840,0.8
2014-05-25T05:43:13Z,52.3889910,4.7539170,0.8
2014-05-25T05:43:14Z,52.3889980,4.7538180,0.8
2014-05-25T05:43:21Z,52.3890390,4.7530640,0.8
2014-05-25T05:43:26Z,52.3890690,4.7525680,0.8
2014-05-25T05:43:27Z,52.3891060,4.7524940,0.8
2014-05-25T05:43:30Z,52.3892370,4.7522620,0.8
2014-05-25T05:43:31Z,52.3892680,4.7521750,0.8
2014-05-25T05:43:37Z,52.3893540,4.7515750,0.8
2014-05-25T05:43:38Z,52.3893250,4.7514450,0.8
2014-05-25T05:43:39Z,52.3893180,4.7513300,0.8
2014-05-25T05:43:40Z,52.3893050,4.7512200,0.4
2014-05-25T05:43:41Z,52.3892820,4.7510940,-0.2
2014-05-25T05:43:42Z,52.3892620,4.7509820,-0.6
2014-05-25T05:43:43Z,52.3892380,4.7508720,-1.2
2014-05-25T05:43:44Z,52.3892130,4.7507630,-1.6
2014-05-25T05:43:47Z,52.3891600,4.7504450,-2.0
2014-05-25T05:43:48Z,52.3891460,4.7503180,-2.4
2014-05-25T05:43:49Z,52.3891260,4.7501870,-3.0
2014-05-25T05:43:50Z,52.3891130,4.7500660,-3.4
2014-05-25T05:43:51Z,52.3891010,4.7499270,-3.8
2014-05-25T05:43:56Z,52.3890360,4.7494330,-3.8
2014-05-25T05:44:01Z,52.3889710,4.7488770,-3.8
2014-05-25T05:44:06Z,52.3889290,4.7483550,-3.8
2014-05-25T05:44:12Z,52.3888540,4.7475290,-3.8
2014-05-25T05:44:18Z,52.3888810,4.7468390,-3.8
2014-05-25T05:44:23Z,52.3890080,4.7463770,-3.8
2014-05-25T05:44:27Z,52.3891760,4.7460840,-3.8
2014-05-25T05:44:32Z,52.3894770,4.7458980,-3.8
2014-05-25T05:44:36Z,52.3895820,4.7455570,-3.8
2014-05-25T05:44:40Z,52.3895750,4.7450630,-3.8
2014-05-25T05:44:41Z,52.3895650,4.7449440,-3.8
2014-05-25T05:44:46Z,52.3894660,4.7444060,-3.8
2014-05-25T05:44:53Z,52.3892680,4.7435960,-3.8
2014-05-25T05:44:58Z,52.3892390,4.7429290,-3.8
2014-05-25T05:44:59Z,52.3892570,4.7427850,-3.8
2014-05-25T05:45:05Z,52.3893390,4.7420160,-3.8
2014-05-25T05:45:12Z,52.3894460,4.7411860,-3.8
2014-05-25T05:45:18Z,52.3895250,4.7405550,-3.8
2014-05-25T05:45:25Z,52.3897200,4.7397990,-3.8
2014-05-25T05:45:27Z,52.3897880,4.7395700,-3.8
2014-05-25T05:45:30Z,52.3899830,4.7391940,-3.8
2014-05-25T05:45:33Z,52.3901000,4.7391350,-3.8
2014-05-25T05:45:35Z,52.3901400,4.7392440,-3.8
2014-05-25T05:45:36Z,52.3901140,4.7392720,-3.8
2014-05-25T05:45:37Z,52.3900900,4.7392950,-3.8
2014-05-25T05:45:43Z,52.3899700,4.7391080,-3.8
2014-05-25T05:45:47Z,52.3899190,4.7388050,-3.8
2014-05-25T05:45:48Z,52.3899000,4.7387290,-3.8
2014-05-25T05:45:52Z,52.3898620,4.7384200,-3.8
2014-05-25T05:45:53Z,52.3899040,4.7383300,-3.8
2014-05-25T05:45:56Z,52.3900470,4.7381800,-3.8
2014-05-25T05:45:59Z,52.3902950,4.7380810,-3.8
2014-05-25T05:46:00Z,52.3903700,4.7380510,-3.8
2014-05-25T05:46:07Z,52.3909160,4.7378910,-3.8
2014-05-25T05:46:09Z,52.3910700,4.7378480,-3.8
2014-05-25T05:46:12Z,52.3913010,4.7377990,-4.2
2014-05-25T05:46:13Z,52.3913720,4.7377790,-4.6
2014-05-25T05:46:14Z,52.3914470,4.7377510,-5.0
2014-05-25T05:46:15Z,52.3915180,4.7377200,-5.6
2014-05-25T05:46:16Z,52.3915880,4.7376830,-6.0
2014-05-25T05:46:17Z,52.3916640,4.7376430,-6.0
2014-05-25T05:46:25Z,52.3922130,4.7372770,-6.0
2014-05-25T05:46:33Z,52.3927100,4.7370520,-6.0
2014-05-25T05:46:40Z,52.3930930,4.7368260,-6.0
2014-05-25T05:46:41Z,52.3931260,4.7367560,-6.0
2014-05-25T05:46:45Z,52.3931780,4.7364420,-6.0
2014-05-25T05:46:47Z,52.3932090,4.7362290,-6.0
2014-05-25T05:46:50Z,52.3933460,4.7359030,-6.0
2014-05-25T05:46:55Z,52.3936990,4.7356010,-6.0
2014-05-25T05:46:56Z,52.3937560,4.7355690,-6.0
2014-05-25T05:46:58Z,52.3938580,4.7354100,-6.0
2014-05-25T05:47:03Z,52.3941790,4.7349210,-6.0
2014-05-25T05:47:10Z,52.3947020,4.7343290,-6.0
2014-05-25T05:47:17Z,52.3952120,4.7338510,-6.0
2014-05-25T05:47:19Z,52.3953490,4.7337240,-6.0
2014-05-25T05:47:20Z,52.3954150,4.7336570,-5.4
2014-05-25T05:47:21Z,52.3954790,4.7335870,-5.0
2014-05-25T05:47:22Z,52.3955460,4.7335180,-4.6
2014-05-25T05:47:23Z,52.3956110,4.7334470,-4.2
2014-05-25T05:47:24Z,52.3956740,4.7333810,-3.6
2014-05-25T05:47:28Z,52.3959090,4.7331470,-3.6
2014-05-25T05:47:36Z,52.3962920,4.7327070,-3.6
2014-05-25T05:47:39Z,52.3962810,4.7325370,-3.6
2014-05-25T05:47:40Z,52.3962510,4.7324770,-3.6
2014-05-25T05:47:45Z,52.3960850,4.7321620,-3.6
2014-05-25T05:47:46Z,52.3960590,4.7321100,-3.2
2014-05-25T05:47:47Z,52.3960200,4.7320690,-2.8
2014-05-25T05:47:48Z,52.3959990,4.7320120,-2.4
2014-05-25T05:47:49Z,52.3959750,4.7319490,-2.0
2014-05-25T05:47:50Z,52.3959490,4.7318860,-1.6
2014-05-25T05:47:54Z,52.3959170,4.7316060,-1.2
2014-05-25T05:47:55Z,52.3959370,4.7315380,-0.8
2014-05-25T05:47:56Z,52.3960160,4.7314850,-0.4
2014-05-25T05:47:57Z,52.3960830,4.7314430,0.0
2014-05-25T05:47:58Z,52.3961450,4.7314020,0.4
2014-05-25T05:48:02Z,52.3963840,4.7312310,0.4
2014-05-25T05:48:03Z,52.3964410,4.7311690,0.4
2014-05-25T05:48:08Z,52.3967320,4.7308970,0.4
2014-05-25T05:48:16Z,52.3971480,4.7303680,0.4
2014-05-25T05:48:17Z,52.3971790,4.7302720,0.4
2014-05-25T05:48:19Z,52.3972490,4.7300770,0.4
2014-05-25T05:48:22Z,52.3973230,4.7297660,0.4
2014-05-25T05:48:24Z,52.3973370,4.7295520,0.4
2014-05-25T05:48:28Z,52.3972810,4.7291590,0.4
2014-05-25T05:48:29Z,52.3972540,4.7290620,0.4
2014-05-25T05:48:37Z,52.3970440,4.7282560,0.4
2014-05-25T05:48:40Z,52.3969670,4.7279450,0.8
2014-05-25T05:48:41Z,52.3969420,4.7278420,1.2
2014-05-25T05:48:42Z,52.3969170,4.7277370,1.6
2014-05-25T05:48:43Z,52.3968900,4.7276230,2.0
2014-05-25T05:48:44Z,52.3968630,4.7275160,2.4
2014-05-25T05:48:47Z,52.3967830,4.7271970,2.4
2014-05-25T05:48:54Z,52.3966540,4.7263940,2.4
2014-05-25T05:49:02Z,52.3965090,4.7254780,2.4
2014-05-25T05:49:10Z,52.3962420,4.7246340,2.4
2014-05-25T05:49:17Z,52.3959410,4.7239110,2.4
2014-05-25T05:49:24Z,52.3958150,4.7230720,2.4
2014-05-25T05:49:27Z,52.3958830,4.7227000,2.4
2014-05-25T05:49:31Z,52.3960860,4.7222520,2.4
2014-05-25T05:49:38Z,52.3964270,4.7214940,2.4
2014-05-25T05:49:40Z,52.3965220,4.7212830,2.4
2014-05-25T05:49:47Z,52.3968810,4.7205260,2.4
2014-05-25T05:49:49Z,52.3969960,4.7203250,2.4
2014-05-25T05:49:50Z,52.3970670,4.7202420,2.4
2014-05-25T05:49:52Z,52.3972170,4.7201090,2.4
2014-05-25T05:49:55Z,52.3974360,4.7199090,2.4
2014-05-25T05:49:57Z,52.3975470,4.7197010,2.4
2014-05-25T05:50:00Z,52.3976500,4.7193040,2.4
2014-05-25T05:50:02Z,52.3977270,4.7190490,2.4
2014-05-25T05:50:04Z,52.3978390,4.7188290,2.4
2014-05-25T05:50:07Z,52.3980410,4.7185350,2.4
2014-05-25T05:50:08Z,52.3981110,4.7184440,2.4
2014-05-25T05:50:15Z,52.3986050,4.7178690,2.4
2014-05-25T05:50:16Z,52.3986810,4.7177890,2.4
2014-05-25T05:50:22Z,52.3991420,4.7173280,2.4
2014-05-25T05:50:25Z,52.3993760,4.7170900,2.4
2014-05-25T05:50:27Z,52.3995490,4.7169610,2.0
2014-05-25T05:50:28Z,52.3996490,4.7169520,1.6
2014-05-25T05:50:29Z,52.3997540,4.7169430,1.2
2014-05-25T05:50:30Z,52.3998570,4.7169380,0.8
2014-05-25T05:50:31Z,52.3999580,4.7169330,0.2
2014-05-25T05:50:35Z,52.4003530,4.7169160,0.2
2014-05-25T05:50:40Z,52.4008170,4.7168410,0.2
2014-05-25T05:50:41Z,52.4009040,4.7167880,0.2
2014-05-25T05:50:44Z,52.4011060,4.7164870,0.2
2014-05-25T05:50:47Z,52.4012220,4.7160550,0.2
2014-05-25T05:50:53Z,52.4015090,4.7152970,0.2
2014-05-25T05:50:54Z,52.4015530,4.7151730,0.2
2014-05-25T05:50:58Z,52.4017320,4.7146680,0.8
2014-05-25T05:50:59Z,52.4017770,4.7145430,1.2
2014-05-25T05:51:00Z,52.4018230,4.7144190,1.8
2014-05-25T05:51:01Z,52.4018680,4.7142890,2.2
2014-05-25T05:51:02Z,52.4019160,4.7141630,2.6
2014-05-25T05:51:05Z,52.4020540,4.7137750,2.6
2014-05-25T05:51:12Z,52.4023760,4.7129350,2.6
2014-05-25T05:51:13Z,52.4024220,4.7128220,2.6
2014-05-25T05:51:15Z,52.4025470,4.7126190,2.6
2014-05-25T05:51:17Z,52.4027020,4.7124730,2.6
2014-05-25T05:51:20Z,52.4029600,4.7123380,2.6
2014-05-25T05:51:21Z,52.4030430,4.7123030,2.6
2014-05-25T05:51:25Z,52.4033760,4.7121380,2.6
2014-05-25T05:51:27Z,52.4035120,4.7119600,2.6
2014-05-25T05:51:30Z,52.4035900,4.7115570,2.6
2014-05-25T05:51:33Z,52.4035750,4.7111800,2.6
2014-05-25T05:51:36Z,52.4034940,4.7107850,2.6
2014-05-25T05:51:37Z,52.4034630,4.7106580,2.6
2014-05-25T05:51:39Z,52.4034270,4.7103790,2.6
2014-05-25T05:51:41Z,52.4034590,4.7100710,2.6
2014-05-25T05:51:44Z,52.4035930,4.7096540,2.6
2014-05-25T05:51:51Z,52.4039010,4.7088110,2.6
2014-05-25T05:51:58Z,52.4042150,4.7079260,2.6
2014-05-25T05:52:01Z,52.4043470,4.7075600,2.6
2014-05-25T05:52:08Z,52.4046250,4.7067380,2.6
2014-05-25T05:52:16Z,52.4049150,4.7058790,2.6
2014-05-25T05:52:22Z,52.4050720,4.7051570,2.6
2014-05-25T05:52:25Z,52.4051500,4.7047750,2.2
2014-05-25T05:52:26Z,52.4051780,4.7046490,1.8
2014-05-25T05:52:27Z,52.4052050,4.7045240,1.4
2014-05-25T05:52:29Z,52.4052530,4.7042720,0.4
2014-05-25T05:52:30Z,52.4052760,4.7041470,0.0
2014-05-25T05:52:31Z,52.4053030,4.7040270,-0.4
2014-05-25T05:52:32Z,52.4053340,4.7039050,-0.8
2014-05-25T05:52:33Z,52.4053670,4.7037830,-1.2
2014-05-25T05:52:35Z,52.4054440,4.7035380,-1.6
2014-05-25T05:52:38Z,52.4055790,4.7031840,-1.6
2014-05-25T05:52:45Z,52.4058830,4.7024000,-1.6
2014-05-25T05:52:46Z,52.4059210,4.7022990,-1.6
2014-05-25T05:52:47Z,52.4059640,4.7022080,-1.6
2014-05-25T05:52:53Z,52.4062840,4.7017480,-1.6
2014-05-25T05:52:54Z,52.4063380,4.7016740,-1.2
2014-05-25T05:52:55Z,52.4063920,4.7015950,-0.6
2014-05-25T05:52:56Z,52.4064410,4.7015140,-0.2
2014-05-25T05:52:57Z,52.4064780,4.7014140,0.2
2014-05-25T05:52:58Z,52.4065130,4.7013200,0.8
2014-05-25T05:52:59Z,52.4065450,4.7012070,0.8
2014-05-25T05:53:06Z,52.4067950,4.7004180,0.8
2014-05-25T05:53:07Z,52.4068360,4.7003070,0.8
2014-05-25T05:53:14Z,52.4071270,4.6995230,0.8
2014-05-25T05:53:16Z,52.4072100,4.6992970,0.8
2014-05-25T05:53:23Z,52.4074990,4.6984970,0.8
2014-05-25T05:53:26Z,52.4076230,4.6981640,0.8
2014-05-25T05:53:33Z,52.4078910,4.6973170,0.8
2014-05-25T05:53:35Z,52.4079720,4.6970730,0.8
2014-05-25T05:53:42Z,52.4082560,4.6962560,0.8
2014-05-25T05:53:44Z,52.4083370,4.6960170,0.8
2014-05-25T05:53:51Z,52.4086090,4.6951630,0.8
2014-05-25T05:53:55Z,52.4087640,4.6946740,0.8
2014-05-25T05:54:02Z,52.4090540,4.6938130,0.8
2014-05-25T05:54:06Z,52.4092140,4.6933070,0.8
2014-05-25T05:54:13Z,52.4094980,4.6924210,0.8
2014-05-25T05:54:16Z,52.4096160,4.6920390,0.8
2014-05-25T05:54:23Z,52.4099050,4.6911600,0.8
2014-05-25T05:54:25Z,52.4099880,4.6909000,0.8
2014-05-25T05:54:32Z,52.4102760,4.6900230,0.8
2014-05-25T05:54:35Z,52.4104050,4.6896560,0.8
2014-05-25T05:54:42Z,52.4106900,4.6887850,0.8
2014-05-25T05:54:47Z,52.4109000,4.6881740,0.8
2014-05-25T05:54:54Z,52.4111850,4.6873770,0.8
2014-05-25T05:54:58Z,52.4113520,4.6868630,0.8
2014-05-25T05:55:05Z,52.4116530,4.6860250,0.8
2014-05-25T05:55:12Z,52.4119480,4.6851330,0.8
2014-05-25T05:55:13Z,52.4119890,4.6850040,0.8
2014-05-25T05:55:20Z,52.4122570,4.6841350,0.8
2014-05-25T05:55:21Z,52.4123010,4.6840200,0.8
2014-05-25T05:55:28Z,52.4125870,4.6832170,0.8
2014-05-25T05:55:33Z,52.4128540,4.6828130,0.8
2014-05-25T05:55:40Z,52.4131700,4.6822930,0.8
2014-05-25T05:55:44Z,52.4132770,4.6819390,0.8
2014-05-25T05:55:45Z,52.4133120,4.6818590,0.8
2014-05-25T05:55:49Z,52.4134620,4.6815470,0.8
2014-05-25T05:55:51Z,52.4135140,4.6813590,0.8
2014-05-25T05:55:54Z,52.4135610,4.6810820,0.8
2014-05-25T05:56:02Z,52.4135210,4.6803920,0.8
2014-05-25T05:56:03Z,52.4135070,4.6803300,0.8
2014-05-25T05:56:09Z,52.4134370,4.6799490,0.8
2014-05-25T05:56:14Z,52.4134290,4.6796770,0.8
2014-05-25T05:56:19Z,52.4134720,4.6793480,0.8
2014-05-25T05:56:20Z,52.4134910,4.6792760,0.8
2014-05-25T05:56:26Z,52.4136470,4.6788100,0.8
2014-05-25T05:56:31Z,52.4138680,4.6784290,0.8
2014-05-25T05:56:37Z,52.4141500,4.6780560,0.8
2014-05-25T05:56:42Z,52.4143180,4.6778720,0.8
2014-05-25T05:56:46Z,52.4143560,4.6778330,0.8
2014-05-25T05:58:05Z,52.4143800,4.6777790,0.8
2014-05-25T05:58:07Z,52.4144820,4.6776850,0.8
2014-05-25T05:58:15Z,52.4147730,4.6773600,0.8
2014-05-25T05:58:19Z,52.4149230,4.6772170,0.8
2014-05-25T05:58:20Z,52.4149700,4.6771780,0.8
2014-05-25T05:58:27Z,52.4153550,4.6768820,0.8
2014-05-25T05:58:34Z,52.4157040,4.6764960,0.8
2014-05-25T05:58:43Z,52.4162080,4.6762050,0.8
2014-05-25T05:58:46Z,52.4163540,4.6761010,0.8
2014-05-25T05:58:48Z,52.4164290,4.6760000,0.8
2014-05-25T05:58:50Z,52.4164890,4.6758760,0.8
2014-05-25T05:58:52Z,52.4165410,4.6757780,0.8
2014-05-25T05:58:59Z,52.4167640,4.6754030,0.8
2014-05-25T05:59:03Z,52.4169750,4.6752100,0.8
2014-05-25T05:59:04Z,52.4170350,4.6751650,0.8
2014-05-25T05:59:12Z,52.4175470,4.6747750,0.8
2014-05-25T05:59:13Z,52.4176100,4.6747230,0.8
2014-05-25T05:59:21Z,52.4181320,4.6743220,0.8
2014-05-25T05:59:24Z,52.4183320,4.6741790,0.8
2014-05-25T05:59:32Z,52.4188920,4.6738090,0.8
2014-05-25T05:59:33Z,52.4189620,4.6737550,0.8
2014-05-25T05:59:40Z,52.4194110,4.6732330,0.8
2014-05-25T05:59:47Z,52.4197850,4.6725600,0.8
2014-05-25T05:59:54Z,52.4201480,4.6719180,0.8
2014-05-25T06:00:02Z,52.4205420,4.6712110,0.8
2014-05-25T06:00:03Z,52.4205930,4.6711180,0.8
2014-05-25T06:00:11Z,52.4210030,4.6703920,0.8
2014-05-25T06:00:19Z,52.4214310,4.6696870,0.8
2014-05-25T06:00:20Z,52.4214850,4.6695990,0.8
2014-05-25T06:00:28Z,52.4218830,4.6688770,0.8
2014-05-25T06:00:30Z,52.4219840,4.6686980,0.8
2014-05-25T06:00:38Z,52.4223950,4.6679820,0.8
2014-05-25T06:00:39Z,52.4224490,4.6678910,0.8
2014-05-25T06:00:47Z,52.4228590,4.6671930,0.8
2014-05-25T06:00:55Z,52.4232550,4.6664640,0.8
2014-05-25T06:01:03Z,52.4236560,4.6657090,0.8
2014-05-25T06:01:04Z,52.4237020,4.6656080,0.8
2014-05-25T06:01:11Z,52.4240060,4.6648700,0.8
2014-05-25T06:01:12Z,52.4240410,4.6647500,0.8
2014-05-25T06:01:19Z,52.4242950,4.6639540,0.8
2014-05-25T06:01:25Z,52.4245160,4.6633640,0.8
2014-05-25T06:01:32Z,52.4246450,4.6625410,0.8
2014-05-25T06:01:33Z,52.4246340,4.6624350,0.8
2014-05-25T06:01:35Z,52.4246600,4.6622210,0.8
2014-05-25T06:01:41Z,52.4248000,4.6614700,0.8
2014-05-25T06:01:48Z,52.4249190,4.6606070,0.8
2014-05-25T06:01:56Z,52.4250410,4.6596220,0.8
2014-05-25T06:01:58Z,52.4250830,4.6593730,0.8
2014-05-25T06:02:05Z,52.4252310,4.6585170,0.8
2014-05-25T06:02:06Z,52.4252560,4.6583870,0.8
2014-05-25T06:02:13Z,52.4254230,4.6575280,0.8
2014-05-25T06:02:17Z,52.4255250,4.6570320,0.8
2014-05-25T06:02:24Z,52.4256970,4.6561760,0.8
2014-05-25T06:02:27Z,52.4257680,4.6558270,0.8
2014-05-25T06:02:34Z,52.4259540,4.6549910,0.8
2014-05-25T06:02:36Z,52.4260160,4.6547490,0.8
2014-05-25T06:02:43Z,52.4262180,4.6539090,0.8
2014-05-25T06:02:44Z,52.4262450,4.6537900,0.8
2014-05-25T06:02:52Z,52.4264460,4.6528700,0.8
2014-05-25T06:02:53Z,52.4264740,4.6527540,0.8
2014-05-25T06:03:01Z,52.4266960,4.6518580,0.8
2014-05-25T06:03:03Z,52.4267510,4.6516440,0.8
2014-05-25T06:03:11Z,52.4269500,4.6508570,0.8
2014-05-25T06:03:20Z,52.4271150,4.6500860,0.8
2014-05-25T06:03:27Z,52.4272370,4.6496160,0.8
2014-05-25T06:03:35Z,52.4273930,4.6490590,0.8
2014-05-25T06:03:44Z,52.4275900,4.6482540,0.8
2014-05-25T06:03:52Z,52.4277510,4.6475240,0.8
2014-05-25T06:04:01Z,52.4279620,4.6467330,0.8
2014-05-25T06:04:09Z,52.4281590,4.6460120,0.8
2014-05-25T06:04:16Z,52.4282780,4.6453890,0.8
2014-05-25T06:04:23Z,52.4284160,4.6448030,0.8
2014-05-25T06:04:30Z,52.4285410,4.6443090,0.8
2014-05-25T06:04:34Z,52.4286050,4.6441660,0.8
2014-05-25T06:04:37Z,52.4287250,4.6442110,0.8
2014-05-25T06:04:38Z,52.4287720,4.6442350,0.8
2014-05-25T06:04:43Z,52.4289990,4.6444080,0.8
2014-05-25T06:04:44Z,52.4290410,4.6444650,0.8
2014-05-25T06:04:50Z,52.4292810,4.6448890,0.8
2014-05-25T06:05:00Z,52.4297040,4.6455640,0.8
2014-05-25T06:05:04Z,52.4299530,4.6456650,0.8
2014-05-25T06:05:06Z,52.4300710,4.6456680,0.8
2014-05-25T06:05:09Z,52.4302370,4.6456450,0.8
2014-05-25T06:05:14Z,52.4305380,4.6455230,0.8
2014-05-25T06:05:15Z,52.4305990,4.6454960,0.8
2014-05-25T06:05:24Z,52.4311500,4.6452260,0.8
2014-05-25T06:05:25Z,52.4312080,4.6451940,0.8
2014-05-25T06:05:32Z,52.4316110,4.6450630,0.8
2014-05-25T06:05:36Z,52.4317950,4.6450350,0.8
2014-05-25T06:05:37Z,52.4318400,4.6450370,0.8
2014-05-25T06:05:38Z,52.4318850,4.6450330,0.8
2014-05-25T06:05:42Z,52.4320720,4.6450250,0.8
2014-05-25T06:05:43Z,52.4321170,4.6450300,0.8
2014-05-25T06:05:45Z,52.4322040,4.6450260,0.8
2014-05-25T06:05:48Z,52.4323350,4.6449460,0.8
2014-05-25T06:05:49Z,52.4323790,4.6449040,0.8
2014-05-25T06:05:51Z,52.4324710,4.6448390,0.8
2014-05-25T06:05:53Z,52.4325750,4.6448030,0.8
2014-05-25T06:06:02Z,52.4330650,4.6447040,0.8
2014-05-25T06:06:11Z,52.4335890,4.6445460,0.8
2014-05-25T06:06:14Z,52.4337640,4.6444770,1.2
2014-05-25T06:06:15Z,52.4338190,4.6444490,1.6
2014-05-25T06:06:16Z,52.4338790,4.6444270,2.0
2014-05-25T06:06:17Z,52.4339370,4.6444010,2.4
2014-05-25T06:06:18Z,52.4339950,4.6443800,2.8
2014-05-25T06:06:19Z,52.4340560,4.6443570,2.8
2014-05-25T06:06:27Z,52.4345270,4.6441900,2.8
2014-05-25T06:06:35Z,52.4349660,4.6440330,2.8
2014-05-25T06:06:42Z,52.4353710,4.6438900,2.8
2014-05-25T06:06:51Z,52.4359000,4.6436720,2.8
2014-05-25T06:06:54Z,52.4360740,4.6436030,2.8
2014-05-25T06:07:04Z,52.4366370,4.6433460,2.8
2014-05-25T06:07:14Z,52.4372000,4.6431420,2.8
2014-05-25T06:07:24Z,52.4377170,4.6429440,2.8
2014-05-25T06:07:34Z,52.4382460,4.6427450,2.8
2014-05-25T06:07:36Z,52.4383400,4.6427160,2.8
2014-05-25T06:07:38Z,52.4384260,4.6427170,2.8
2014-05-25T06:07:40Z,52.4385150,4.6427820,2.8
2014-05-25T06:07:43Z,52.4386650,4.6428140,2.8
2014-05-25T06:07:44Z,52.4387080,4.6427800,2.8
2014-05-25T06:07:47Z,52.4388330,4.6426130,2.8
2014-05-25T06:07:48Z,52.4388910,4.6425670,2.8
2014-05-25T06:07:54Z,52.4392920,4.6422990,2.8
2014-05-25T06:08:02Z,52.4398260,4.6419770,2.8
2014-05-25T06:08:10Z,52.4403170,4.6416500,2.8
2014-05-25T06:08:18Z,52.4408100,4.6413480,2.8
2014-05-25T06:08:27Z,52.4413620,4.6410280,2.8
2014-05-25T06:08:28Z,52.4414200,4.6409960,2.8
2014-05-25T06:08:37Z,52.4419420,4.6406900,2.8
2014-05-25T06:08:38Z,52.4420020,4.6406540,2.8
2014-05-25T06:08:47Z,52.4425430,4.6402720,2.4
2014-05-25T06:08:48Z,52.4426070,4.6402330,2.0
2014-05-25T06:08:49Z,52.4426750,4.6401930,1.4
2014-05-25T06:08:50Z,52.4427420,4.6401510,1.0
2014-05-25T06:08:51Z,52.4428120,4.6401100,0.6
2014-05-25T06:08:57Z,52.4432090,4.6398550,0.6
2014-05-25T06:09:05Z,52.4437440,4.6396220,0.6
2014-05-25T06:09:14Z,52.4442890,4.6393600,0.6
2014-05-25T06:09:21Z,52.4447070,4.6392510,0.6
2014-05-25T06:09:29Z,52.4451580,4.6391840,0.6
2014-05-25T06:09:37Z,52.4455670,4.6391480,0.6
2014-05-25T06:09:38Z,52.4456170,4.6391760,1.0
2014-05-25T06:09:39Z,52.4456710,4.6391920,1.4
2014-05-25T06:09:40Z,52.4457250,4.6391750,1.8
2014-05-25T06:09:41Z,52.4457710,4.6391350,2.2
2014-05-25T06:09:42Z,52.4458120,4.6390790,2.6
2014-05-25T06:09:45Z,52.4459780,4.6389730,2.6
2014-05-25T06:09:51Z,52.4463700,4.6388900,2.6
2014-05-25T06:09:59Z,52.4468800,4.6387900,2.6
2014-05-25T06:10:06Z,52.4473440,4.6386990,2.6
2014-05-25T06:10:14Z,52.4478460,4.6385710,2.6
2014-05-25T06:10:21Z,52.4483030,4.6385120,2.6
2014-05-25T06:10:29Z,52.4488150,4.6384770,2.6
2014-05-25T06:10:37Z,52.4492310,4.6382700,2.6
2014-05-25T06:10:40Z,52.4493270,4.6380920,2.6
2014-05-25T06:10:41Z,52.4493550,4.6380080,2.6
2014-05-25T06:10:46Z,52.4495090,4.6376630,2.6
2014-05-25T06:10:48Z,52.4495770,4.6375480,2.6
2014-05-25T06:10:50Z,52.4496540,4.6374240,2.6
2014-05-25T06:10:51Z,52.4496820,4.6373400,2.6
2014-05-25T06:10:54Z,52.4497990,4.6370780,2.6
2014-05-25T06:11:02Z,52.4501630,4.6363780,2.6
2014-05-25T06:11:11Z,52.4505060,4.6356690,2.6
2014-05-25T06:11:18Z,52.4508000,4.6351040,2.6
2014-05-25T06:11:26Z,52.4510950,4.6345400,2.6
2014-05-25T06:11:32Z,52.4512480,4.6340740,2.6
2014-05-25T06:11:33Z,52.4512480,4.6339920,2.6
2014-05-25T06:11:35Z,52.4512550,4.6338580,2.6
2014-05-25T06:11:40Z,52.4512560,4.6335580,3.2
2014-05-25T06:11:41Z,52.4512510,4.6334770,3.6
2014-05-25T06:11:42Z,52.4512450,4.6333870,4.2
2014-05-25T06:11:43Z,52.4512250,4.6332950,4.6
2014-05-25T06:11:44Z,52.4512000,4.6332050,5.2
2014-05-25T06:11:46Z,52.4511770,4.6330300,5.2
2014-05-25T06:11:50Z,52.4511460,4.6326730,5.2
2014-05-25T06:11:53Z,52.4511590,4.6323910,5.2
2014-05-25T06:11:57Z,52.4511830,4.6320330,5.2
2014-05-25T06:11:59Z,52.4512370,4.6318550,5.2
2014-05-25T06:12:01Z,52.4513020,4.6316990,5.2
2014-05-25T06:12:04Z,52.4514160,4.6314170,5.2
2014-05-25T06:12:12Z,52.4516990,4.6307830,5.2
2014-05-25T06:12:20Z,52.4520240,4.6302510,5.2
2014-05-25T06:12:27Z,52.4523280,4.6298870,5.2
2014-05-25T06:12:35Z,52.4526520,4.6293660,5.2
2014-05-25T06:12:42Z,52.4528370,4.6287550,5.2
2014-05-25T06:12:48Z,52.4529540,4.6281170,5.2
2014-05-25T06:12:55Z,52.4530790,4.6273910,5.2
2014-05-25T06:13:04Z,52.4532810,4.6264680,5.2
2014-05-25T06:13:06Z,52.4533270,4.6262740,5.2
2014-05-25T06:13:14Z,52.4535150,4.6254080,5.2
2014-05-25T06:13:16Z,52.4535580,4.6251870,5.2
2014-05-25T06:13:24Z,52.4537500,4.6243250,5.2
2014-05-25T06:13:32Z,52.4539440,4.6234820,5.2
2014-05-25T06:13:39Z,52.4541130,4.6228330,5.2
2014-05-25T06:13:40Z,52.4541510,4.6227420,5.2
2014-05-25T06:13:44Z,52.4542770,4.6223810,5.2
2014-05-25T06:13:50Z,52.4543600,4.6217940,5.2
2014-05-25T06:13:54Z,52.4544230,4.6213570,5.2
2014-05-25T06:13:55Z,52.4544510,4.6212440,5.2
2014-05-25T06:14:03Z,52.4546460,4.6203920,5.2
2014-05-25T06:14:11Z,52.4548320,4.6195380,5.2
2014-05-25T06:14:12Z,52.4548570,4.6194380,5.2
2014-05-25T06:14:17Z,52.4550150,4.6189500,5.6
2014-05-25T06:14:18Z,52.4550490,4.6188460,6.0
2014-05-25T06:14:19Z,52.4550790,4.6187440,6.4
2014-05-25T06:14:20Z,52.4551080,4.6186450,6.8
2014-05-25T06:14:21Z,52.4551340,4.6185480,7.2
2014-05-25T06:14:27Z,52.4552310,4.6178890,7.2
2014-05-25T06:14:29Z,52.4552240,4.6176430,7.2
2014-05-25T06:14:31Z,52.4552040,4.6174000,7.2
2014-05-25T06:14:38Z,52.4550980,4.6165700,7.2
2014-05-25T06:14:46Z,52.4549140,4.6157000,7.2
2014-05-25T06:14:53Z,52.4546890,4.6150430,7.2
2014-05-25T06:14:56Z,52.4545660,4.6147800,7.6
2014-05-25T06:14:57Z,52.4545230,4.6146960,8.0
2014-05-25T06:14:58Z,52.4544780,4.6146170,8.4
2014-05-25T06:14:59Z,52.4544350,4.6145340,8.8
2014-05-25T06:15:00Z,52.4543950,4.6144470,9.4
2014-05-25T06:15:01Z,52.4543570,4.6143560,9.4
2014-05-25T06:15:08Z,52.4540930,4.6136910,9.4
2014-05-25T06:15:12Z,52.4540300,4.6132420,9.4
2014-05-25T06:15:20Z,52.4538310,4.6123880,9.4
2014-05-25T06:15:28Z,52.4536790,4.6115490,9.4
2014-05-25T06:15:35Z,52.4535260,4.6107780,9.4
2014-05-25T06:15:43Z,52.4533580,4.6098490,9.4
2014-05-25T06:15:44Z,52.4533480,4.6097100,9.4
2014-05-25T06:15:51Z,52.4531580,4.6089660,9.0
2014-05-25T06:15:52Z,52.4531080,4.6088620,8.4
2014-05-25T06:15:53Z,52.4530670,4.6087530,8.0
2014-05-25T06:15:54Z,52.4530290,4.6086380,7.6
2014-05-25T06:15:55Z,52.4529850,4.6085330,7.2
2014-05-25T06:15:58Z,52.4528600,4.6082180,7.2
2014-05-25T06:16:04Z,52.4526360,4.6076340,7.6
2014-05-25T06:16:05Z,52.4525940,4.6075420,8.2
2014-05-25T06:16:06Z,52.4525520,4.6074470,8.6
2014-05-25T06:16:07Z,52.4525020,4.6073560,9.0
2014-05-25T06:16:08Z,52.4524460,4.6072780,9.4
2014-05-25T06:16:11Z,52.4522720,4.6070380,9.4
2014-05-25T06:16:19Z,52.4518450,4.6063140,9.4
2014-05-25T06:16:22Z,52.4517300,4.6059840,9.4
2014-05-25T06:16:24Z,52.4516790,4.6057410,9.4
2014-05-25T06:16:28Z,52.4515400,4.6053170,9.4
2014-05-25T06:16:32Z,52.4513090,4.6049770,9.4
2014-05-25T06:16:39Z,52.4508610,4.6044400,9.4
2014-05-25T06:16:40Z,52.4507870,4.6043730,9.4
2014-05-25T06:16:46Z,52.4503370,4.6040150,9.4
2014-05-25T06:16:53Z,52.4498960,4.6035370,9.4
2014-05-25T06:17:01Z,52.4493940,4.6030250,9.8
2014-05-25T06:17:02Z,52.4493290,4.6029550,10.2
2014-05-25T06:17:03Z,52.4492590,4.6028890,10.6
2014-05-25T06:17:04Z,52.4491940,4.6028220,11.0
2014-05-25T06:17:05Z,52.4491290,4.6027560,11.4
2014-05-25T06:17:11Z,52.4487330,4.6023470,11.4
2014-05-25T06:17:19Z,52.4481950,4.6018750,11.4
2014-05-25T06:17:26Z,52.4476780,4.6015130,11.4
2014-05-25T06:17:27Z,52.4476080,4.6014530,11.4
2014-05-25T06:17:34Z,52.4471250,4.6009320,11.4
2014-05-25T06:17:40Z,52.4468380,4.6002210,11.4
2014-05-25T06:17:46Z,52.4467260,4.5993650,11.4
2014-05-25T06:17:47Z,52.4467410,4.5992280,11.4
2014-05-25T06:17:48Z,52.4467610,4.5990930,11.4
2014-05-25T06:17:49Z,52.4467990,4.5989470,11.0
2014-05-25T06:17:50Z,52.4468460,4.5988060,10.6
2014-05-25T06:17:51Z,52.4469010,4.5986760,10.0
2014-05-25T06:17:52Z,52.4469450,4.5985510,9.6
2014-05-25T06:17:53Z,52.4469760,4.5984180,9.2
2014-05-25T06:17:56Z,52.4470300,4.5980150,9.2
2014-05-25T06:17:57Z,52.4470340,4.5978720,9.2
2014-05-25T06:17:59Z,52.4470370,4.5975940,9.2
2014-05-25T06:18:02Z,52.4470150,4.5971700,9.2
2014-05-25T06:18:09Z,52.4469750,4.5961910,9.2
2014-05-25T06:18:10Z,52.4469740,4.5960520,9.2
2014-05-25T06:18:17Z,52.4469780,4.5951260,9.2
2014-05-25T06:18:18Z,52.4469760,4.5950020,9.2
2014-05-25T06:18:25Z,52.4469300,4.5942270,9.2
2014-05-25T06:18:32Z,52.4468820,4.5933870,9.2
2014-05-25T06:18:36Z,52.4468890,4.5928950,9.6
2014-05-25T06:18:37Z,52.4468920,4.5927660,10.0
2014-05-25T06:18:38Z,52.4468880,4.5926430,10.4
2014-05-25T06:18:39Z,52.4468820,4.5925220,10.8
2014-05-25T06:18:40Z,52.4468730,4.5923840,11.2
2014-05-25T06:18:47Z,52.4468610,4.5914460,11.2
2014-05-25T06:18:53Z,52.4469030,4.5905610,10.8
2014-05-25T06:18:54Z,52.4469080,4.5904120,10.4
2014-05-25T06:18:55Z,52.4469100,4.5902660,9.8
2014-05-25T06:18:56Z,52.4469160,4.5901210,9.4
2014-05-25T06:18:57Z,52.4469190,4.5899740,9.0
2014-05-25T06:19:03Z,52.4468980,4.5891370,9.0
2014-05-25T06:19:08Z,52.4468900,4.5884740,9.4
2014-05-25T06:19:09Z,52.4468920,4.5883430,9.8
2014-05-25T06:19:10Z,52.4468950,4.5882170,10.2
2014-05-25T06:19:11Z,52.4469080,4.5880990,10.6
2014-05-25T06:19:12Z,52.4469160,4.5879780,11.0
2014-05-25T06:19:16Z,52.4469560,4.5874620,11.4
2014-05-25T06:19:17Z,52.4469620,4.5873410,11.8
2014-05-25T06:19:18Z,52.4469670,4.5872070,12.2
2014-05-25T06:19:19Z,52.4469750,4.5870810,12.6
2014-05-25T06:19:20Z,52.4469880,4.5869420,13.0
2014-05-25T06:19:26Z,52.4470310,4.5861800,13.0
2014-05-25T06:19:33Z,52.4470380,4.5852610,13.0
2014-05-25T06:19:34Z,52.4470340,4.5851310,13.0
2014-05-25T06:19:38Z,52.4470180,4.5845750,12.6
2014-05-25T06:19:39Z,52.4470080,4.5844170,12.2
2014-05-25T06:19:40Z,52.4469970,4.5842800,11.8
2014-05-25T06:19:41Z,52.4469820,4.5841330,11.4
2014-05-25T06:19:42Z,52.4469650,4.5839820,11.0
2014-05-25T06:19:47Z,52.4468540,4.5832320,10.6
2014-05-25T06:19:48Z,52.4468300,4.5830800,10.0
2014-05-25T06:19:49Z,52.4468030,4.5829320,9.6
2014-05-25T06:19:50Z,52.4467720,4.5827820,9.2
2014-05-25T06:19:51Z,52.4467450,4.5826390,8.8
2014-05-25T06:19:54Z,52.4466740,4.5822040,8.8
2014-05-25T06:19:58Z,52.4466380,4.5816610,8.8
2014-05-25T06:19:59Z,52.4466460,4.5815280,8.8
2014-05-25T06:20:05Z,52.4467430,4.5807010,8.8
2014-05-25T06:20:08Z,52.4468230,4.5802750,9.2
2014-05-25T06:20:09Z,52.4468570,4.5801410,9.8
2014-05-25T06:20:10Z,52.4468910,4.5800040,10.2
2014-05-25T06:20:11Z,52.4469230,4.5798750,10.6
2014-05-25T06:20:12Z,52.4469580,4.5797470,11.2
2014-05-25T06:20:17Z,52.4471630,4.5791190,11.2
2014-05-25T06:20:24Z,52.4474660,4.5782210,11.2
2014-05-25T06:20:25Z,52.4475070,4.5780880,11.2
2014-05-25T06:20:27Z,52.4475930,4.5778130,10.6
2014-05-25T06:20:28Z,52.4476320,4.5776810,10.2
2014-05-25T06:20:29Z,52.4476690,4.5775350,9.8
2014-05-25T06:20:30Z,52.4476990,4.5773870,9.4
2014-05-25T06:20:31Z,52.4477190,4.5772460,9.0
2014-05-25T06:20:32Z,52.4477350,4.5770990,9.0
2014-05-25T06:20:37Z,52.4477970,4.5764200,8.6
2014-05-25T06:20:38Z,52.4478110,4.5762890,8.0
2014-05-25T06:20:39Z,52.4478220,4.5761670,7.6
2014-05-25T06:20:40Z,52.4478390,4.5760210,7.2
2014-05-25T06:20:41Z,52.4478510,4.5758770,6.8
2014-05-25T06:20:44Z,52.4478760,4.5754230,6.8
2014-05-25T06:20:51Z,52.4478660,4.5744160,6.8
2014-05-25T06:20:52Z,52.4478640,4.5742600,6.8
2014-05-25T06:20:59Z,52.4478020,4.5732860,6.8
2014-05-25T06:21:00Z,52.4477780,4.5731610,6.8
2014-05-25T06:21:06Z,52.4476170,4.5723700,6.8
2014-05-25T06:21:13Z,52.4473600,4.5715550,6.8
2014-05-25T06:21:14Z,52.4473390,4.5714480,6.8
2014-05-25T06:21:16Z,52.4473820,4.5712470,6.4
2014-05-25T06:21:17Z,52.4474460,4.5711780,5.8
2014-05-25T06:21:18Z,52.4475060,4.5711340,5.4
2014-05-25T06:21:19Z,52.4475630,4.5711040,5.0
2014-05-25T06:21:20Z,52.4476220,4.5710680,4.6
2014-05-25T06:21:23Z,52.4478210,4.5709640,4.6
2014-05-25T06:21:29Z,52.4482770,4.5706650,4.6
2014-05-25T06:21:36Z,52.4488450,4.5702560,4.6
2014-05-25T06:21:37Z,52.4489260,4.5701830,4.6
2014-05-25T06:21:38Z,52.4490050,4.5701120,5.0
2014-05-25T06:21:39Z,52.4490810,4.5700390,5.6
2014-05-25T06:21:40Z,52.4491530,4.5699620,6.2
2014-05-25T06:21:41Z,52.4492210,4.5698770,6.8
2014-05-25T06:21:42Z,52.4492780,4.5697750,7.2
2014-05-25T06:21:43Z,52.4493270,4.5696610,7.8
2014-05-25T06:21:44Z,52.4493720,4.5695450,8.4
2014-05-25T06:21:45Z,52.4494070,4.5694250,9.2
2014-05-25T06:21:46Z,52.4494030,4.5692800,10.0
2014-05-25T06:21:47Z,52.4493870,4.5691370,10.6
2014-05-25T06:21:48Z,52.4493540,4.5689990,11.4
2014-05-25T06:21:49Z,52.4493110,4.5688740,12.0
2014-05-25T06:21:50Z,52.4492750,4.5687500,12.8
2014-05-25T06:21:51Z,52.4492470,4.5686290,13.4
2014-05-25T06:21:52Z,52.4492350,4.5685080,14.0
2014-05-25T06:21:53Z,52.4492210,4.5683750,14.6
2014-05-25T06:21:55Z,52.4491760,4.5681660,14.6
2014-05-25T06:21:56Z,52.4491190,4.5680980,14.6
2014-05-25T06:21:58Z,52.4490000,4.5680350,14.6
2014-05-25T06:22:01Z,52.4487860,4.5680450,14.6
2014-05-25T06:22:02Z,52.4487150,4.5680440,14.6
2014-05-25T06:22:06Z,52.4484410,4.5679890,15.0
2014-05-25T06:22:07Z,52.4483710,4.5679650,15.4
2014-05-25T06:22:08Z,52.4483020,4.5679420,15.8
2014-05-25T06:22:09Z,52.4482320,4.5679190,16.2
2014-05-25T06:22:10Z,52.4481620,4.5678930,16.6
2014-05-25T06:22:17Z,52.4477490,4.5676710,16.6
2014-05-25T06:22:23Z,52.4474750,4.5674610,16.6
2014-05-25T06:22:30Z,52.4472720,4.5672430,16.6
2014-05-25T06:22:32Z,52.4472440,4.5671960,16.6
2014-05-25T06:22:33Z,52.4472360,4.5671610,16.2
2014-05-25T06:22:34Z,52.4472260,4.5671280,15.8
2014-05-25T06:22:35Z,52.4472220,4.5670910,15.4
2014-05-25T06:22:36Z,52.4472190,4.5670620,15.0
2014-05-25T06:22:37Z,52.4472110,4.5670400,14.6
2014-05-25T06:22:43Z,52.4471550,4.5669270,14.6
2014-05-25T06:22:51Z,52.4469920,4.5668940,14.6
2014-05-25T06:22:57Z,52.4468790,4.5667880,14.6
2014-05-25T06:23:04Z,52.4467270,4.5666930,14.6
2014-05-25T06:23:09Z,52.4467150,4.5666720,14.6
2014-05-25T06:23:10Z,52.4467160,4.5666710,14.6
2014-05-25T06:26:52Z,52.4467980,4.5666800,14.6
2014-05-25T06:26:54Z,52.4468690,4.5667650,14.6
2014-05-25T06:27:01Z,52.4469190,4.5670150,14.6
2014-05-25T06:27:07Z,52.4467560,4.5671570,14.6
2014-05-25T06:27:13Z,52.4464930,4.5671000,14.6
2014-05-25T06:27:20Z,52.4461450,4.5670020,14.6
2014-05-25T06:27:27Z,52.4457260,4.5669430,14.6
2014-05-25T06:27:36Z,52.4452050,4.5669330,14.6
2014-05-25T06:27:43Z,52.4447820,4.5669930,14.6
2014-05-25T06:27:44Z,52.4447300,4.5670260,14.6
2014-05-25T06:27:46Z,52.4446280,4.5671170,14.6
2014-05-25T06:27:48Z,52.4445380,4.5672570,14.6
2014-05-25T06:27:49Z,52.4444960,4.5673370,14.2
2014-05-25T06:27:50Z,52.4444520,4.5674310,13.8
2014-05-25T06:27:51Z,52.4444100,4.5675290,13.2
2014-05-25T06:27:52Z,52.4443720,4.5676320,12.8
2014-05-25T06:27:53Z,52.4443340,4.5677340,12.4
2014-05-25T06:27:55Z,52.4442530,4.5679380,12.4
2014-05-25T06:27:57Z,52.4441400,4.5681120,12.4
2014-05-25T06:27:58Z,52.4440780,4.5682050,12.0
2014-05-25T06:27:59Z,52.4440290,4.5683110,11.4
2014-05-25T06:28:00Z,52.4439930,4.5684300,11.0
2014-05-25T06:28:01Z,52.4439710,4.5685620,10.6
2014-05-25T06:28:02Z,52.4439500,4.5687000,10.0
2014-05-25T06:28:03Z,52.4439360,4.5688370,9.6
2014-05-25T06:28:04Z,52.4439410,4.5689890,9.0
2014-05-25T06:28:05Z,52.4439470,4.5691380,8.4
2014-05-25T06:28:06Z,52.4439610,4.5692870,8.0
2014-05-25T06:28:08Z,52.4440360,4.5695580,8.0
2014-05-25T06:28:11Z,52.4442210,4.5698970,7.4
2014-05-25T06:28:12Z,52.4442840,4.5699990,7.0
2014-05-25T06:28:13Z,52.4443480,4.5701050,6.6
2014-05-25T06:28:14Z,52.4444090,4.5702020,6.2
2014-05-25T06:28:15Z,52.4444730,4.5702990,5.6
2014-05-25T06:28:19Z,52.4447330,4.5707120,5.6
2014-05-25T06:28:25Z,52.4451550,4.5712250,5.6
2014-05-25T06:28:29Z,52.4454880,4.5713810,5.6
2014-05-25T06:28:30Z,52.4455750,4.5713850,5.6
2014-05-25T06:28:33Z,52.4458440,4.5714370,5.6
2014-05-25T06:28:35Z,52.4460140,4.5715280,5.6
2014-05-25T06:28:41Z,52.4464960,4.5718320,5.6
2014-05-25T06:28:44Z,52.4467470,4.5717500,5.6
2014-05-25T06:28:45Z,52.4468240,4.5717080,5.6
2014-05-25T06:28:48Z,52.4470490,4.5716730,5.6
2014-05-25T06:28:49Z,52.4471160,4.5717000,5.6
2014-05-25T06:28:50Z,52.4471530,4.5718210,5.6
2014-05-25T06:28:51Z,52.4471860,4.5719340,5.6
2014-05-25T06:28:55Z,52.4472650,4.5724380,5.6
2014-05-25T06:29:02Z,52.4474010,4.5733310,5.6
2014-05-25T06:29:07Z,52.4475040,4.5739610,5.6
2014-05-25T06:29:14Z,52.4476150,4.5747560,5.6
2014-05-25T06:29:16Z,52.4476220,4.5749090,5.2
2014-05-25T06:29:17Z,52.4476220,4.5749680,4.8
2014-05-25T06:29:18Z,52.4476220,4.5750200,4.4
2014-05-25T06:29:19Z,52.4476210,4.5750600,4.0
2014-05-25T06:29:20Z,52.4476200,4.5750910,3.6
2014-05-25T06:29:22Z,52.4476180,4.5751500,3.6
2014-05-25T06:29:26Z,52.4476370,4.5752870,3.6
2014-05-25T06:29:28Z,52.4476820,4.5752940,3.6
2014-05-25T06:29:32Z,52.4477490,4.5751400,3.6
2014-05-25T06:29:34Z,52.4477600,4.5750230,3.6
2014-05-25T06:29:37Z,52.4478420,4.5749280,3.6
2014-05-25T06:29:38Z,52.4478820,4.5749600,3.6
2014-05-25T06:29:39Z,52.4479170,4.5749940,3.6
2014-05-25T06:29:42Z,52.4480510,4.5751050,3.6
2014-05-25T06:29:44Z,52.4481440,4.5751770,3.6
2014-05-25T06:29:52Z,52.4485600,4.5754840,3.6
2014-05-25T06:29:54Z,52.4486600,4.5755570,4.0
2014-05-25T06:29:55Z,52.4487170,4.5755930,4.4
2014-05-25T06:29:56Z,52.4487720,4.5756330,4.8
2014-05-25T06:29:57Z,52.4488250,4.5756750,5.2
2014-05-25T06:29:58Z,52.4488780,4.5757120,5.6
2014-05-25T06:30:00Z,52.4489820,4.5757840,5.6
2014-05-25T06:30:08Z,52.4493930,4.5761270,5.6
2014-05-25T06:30:16Z,52.4498570,4.5764670,5.6
2014-05-25T06:30:19Z,52.4500570,4.5765030,5.6
2014-05-25T06:30:21Z,52.4501940,4.5765300,5.6
2014-05-25T06:30:28Z,52.4506860,4.5766090,5.6
2014-05-25T06:30:35Z,52.4511960,4.5765560,5.6
2014-05-25T06:30:43Z,52.4517770,4.5764450,5.6
2014-05-25T06:30:46Z,52.4519910,4.5763840,5.6
2014-05-25T06:30:54Z,52.4525410,4.5762470,5.6
2014-05-25T06:30:56Z,52.4526670,4.5762060,5.6
2014-05-25T06:31:01Z,52.4529260,4.5761260,5.6
2014-05-25T06:31:07Z,52.4531230,4.5760520,5.6
2014-05-25T06:31:12Z,52.4532180,4.5758330,5.6
2014-05-25T06:31:13Z,52.4532170,4.5757580,5.6
2014-05-25T06:31:18Z,52.4531860,4.5753320,5.6
2014-05-25T06:31:21Z,52.4531660,4.5750700,5.6
2014-05-25T06:31:24Z,52.4531630,4.5748040,5.6
2014-05-25T06:31:28Z,52.4531980,4.5744630,5.6
2014-05-25T06:31:30Z,52.4532740,4.5743350,5.6
2014-05-25T06:31:33Z,52.4534350,4.5742900,5.6
2014-05-25T06:31:35Z,52.4535410,4.5743050,5.6
2014-05-25T06:31:40Z,52.4538140,4.5743330,5.6
2014-05-25T06:31:47Z,52.4541900,4.5743460,5.6
2014-05-25T06:31:56Z,52.4546340,4.5743590,5.6
2014-05-25T06:32:03Z,52.4549420,4.5743530,5.6
2014-05-25T06:32:10Z,52.4551630,4.5743460,5.6
2014-05-25T06:32:13Z,52.4551920,4.5743610,5.6
2014-05-25T06:32:21Z,52.4552290,4.5745390,5.6
2014-05-25T06:32:26Z,52.4551450,4.5748870,5.6
2014-05-25T06:32:33Z,52.4551120,4.5754570,5.6
2014-05-25T06:32:41Z,52.4550990,4.5762090,5.6
2014-05-25T06:32:48Z,52.4550790,4.5769510,5.6
2014-05-25T06:32:57Z,52.4550590,4.5778940,5.6
2014-05-25T06:33:02Z,52.4550500,4.5784220,5.6
2014-05-25T06:33:10Z,52.4550230,4.5793110,5.6
2014-05-25T06:33:12Z,52.4550030,4.5795340,5.6
2014-05-25T06:33:20Z,52.4549380,4.5804730,5.6
2014-05-25T06:33:28Z,52.4550210,4.5814270,5.6
2014-05-25T06:33:35Z,52.4550250,4.5823250,5.6
2014-05-25T06:33:36Z,52.4550230,4.5824550,5.6
2014-05-25T06:33:43Z,52.4549730,4.5833020,5.6
2014-05-25T06:33:51Z,52.4549480,4.5842600,5.6
2014-05-25T06:33:59Z,52.4549050,4.5852190,5.6
2014-05-25T06:34:01Z,52.4548980,4.5854530,5.6
2014-05-25T06:34:09Z,52.4548830,4.5864480,5.6
2014-05-25T06:34:10Z,52.4548780,4.5865790,5.6
2014-05-25T06:34:17Z,52.4548600,4.5875240,5.6
2014-05-25T06:34:19Z,52.4548550,4.5877830,5.6
2014-05-25T06:34:26Z,52.4548220,4.5886950,5.6
2014-05-25T06:34:31Z,52.4548130,4.5893820,5.6
2014-05-25T06:34:38Z,52.4548060,4.5903390,5.6
2014-05-25T06:34:40Z,52.4548180,4.5906110,5.6
2014-05-25T06:34:41Z,52.4548310,4.5907520,5.6
2014-05-25T06:34:46Z,52.4549240,4.5914410,5.6
2014-05-25T06:34:47Z,52.4549600,4.5915640,5.6
2014-05-25T06:34:52Z,52.4551880,4.5920980,5.6
2014-05-25T06:34:56Z,52.4553700,4.5924720,5.2
2014-05-25T06:34:57Z,52.4554180,4.5925530,4.8
2014-05-25T06:34:58Z,52.4554740,4.5926360,4.2
2014-05-25T06:34:59Z,52.4555310,4.5927190,3.8
2014-05-25T06:35:00Z,52.4555910,4.5927970,3.4
2014-05-25T06:35:04Z,52.4558790,4.5930840,3.4
2014-05-25T06:35:09Z,52.4561560,4.5934140,3.4
2014-05-25T06:35:15Z,52.4564660,4.5937520,3.4
2014-05-25T06:35:21Z,52.4567720,4.5940960,3.4
2014-05-25T06:35:24Z,52.4568020,4.5943540,3.4
2014-05-25T06:35:27Z,52.4567070,4.5946240,3.4
2014-05-25T06:35:30Z,52.4566430,4.5949450,3.4
2014-05-25T06:35:32Z,52.4566370,4.5951620,3.4
2014-05-25T06:35:35Z,52.4566490,4.5954410,3.4
2014-05-25T06:35:36Z,52.4566570,4.5955040,3.4
2014-05-25T06:35:40Z,52.4567250,4.5956080,3.4
2014-05-25T06:35:42Z,52.4567390,4.5955840,3.4
2014-05-25T06:35:44Z,52.4567220,4.5955430,3.4
2014-05-25T06:35:49Z,52.4567260,4.5953110,3.4
2014-05-25T06:35:57Z,52.4568580,4.5946580,3.4
2014-05-25T06:35:58Z,52.4568900,4.5945790,3.4
2014-05-25T06:36:00Z,52.4569780,4.5944690,3.4
2014-05-25T06:36:03Z,52.4571070,4.5945490,3.4
2014-05-25T06:36:07Z,52.4572700,4.5948740,3.4
2014-05-25T06:36:13Z,52.4574860,4.5953760,3.4
2014-05-25T06:36:21Z,52.4577750,4.5959620,3.4
2014-05-25T06:36:30Z,52.4580860,4.5965940,3.4
2014-05-25T06:36:35Z,52.4582190,4.5968930,3.4
2014-05-25T06:36:37Z,52.4582190,4.5970540,3.4
2014-05-25T06:36:39Z,52.4582480,4.5972100,3.4
2014-05-25T06:36:41Z,52.4583260,4.5973140,3.4
2014-05-25T06:36:42Z,52.4583760,4.5973420,3.4
2014-05-25T06:36:47Z,52.4586140,4.5976540,3.4
2014-05-25T06:36:53Z,52.4588490,4.5981840,3.4
2014-05-25T06:37:00Z,52.4591140,4.5988740,3.4
2014-05-25T06:37:02Z,52.4591970,4.5990420,3.4
2014-05-25T06:37:04Z,52.4592880,4.5991830,3.4
2014-05-25T06:37:11Z,52.4596660,4.5995880,3.4
2014-05-25T06:37:17Z,52.4600030,4.5999000,3.8
2014-05-25T06:37:18Z,52.4600580,4.5999420,4.2
2014-05-25T06:37:19Z,52.4601070,4.5999770,4.8
2014-05-25T06:37:20Z,52.4601510,4.6000260,5.2
2014-05-25T06:37:21Z,52.4601790,4.6000880,5.6
2014-05-25T06:37:22Z,52.4601880,4.6001470,5.6
2014-05-25T06:37:25Z,52.4602120,4.6003170,5.6
2014-05-25T06:37:27Z,52.4602570,4.6004310,5.6
2014-05-25T06:37:31Z,52.4604410,4.6006140,5.6
2014-05-25T06:37:36Z,52.4606650,4.6009820,6.0
2014-05-25T06:37:37Z,52.4607010,4.6010620,6.4
2014-05-25T06:37:38Z,52.4607390,4.6011390,6.8
2014-05-25T06:37:39Z,52.4607770,4.6012060,7.2
2014-05-25T06:37:40Z,52.4608150,4.6012690,7.6
2014-05-25T06:37:43Z,52.4609200,4.6014540,7.6
2014-05-25T06:37:44Z,52.4609210,4.6015440,7.6
2014-05-25T06:37:50Z,52.4610650,4.6018570,7.6
2014-05-25T06:37:51Z,52.4610940,4.6018360,7.6
2014-05-25T06:37:53Z,52.4611430,4.6018330,7.6
2014-05-25T06:37:59Z,52.4611920,4.6021210,7.6
2014-05-25T06:38:04Z,52.4613500,4.6025250,7.6
2014-05-25T06:38:12Z,52.4616590,4.6032920,7.6
2014-05-25T06:38:21Z,52.4619940,4.6041170,7.6
2014-05-25T06:38:22Z,52.4620330,4.6042150,7.6
2014-05-25T06:38:27Z,52.4622240,4.6047150,7.2
2014-05-25T06:38:28Z,52.4622660,4.6048180,6.8
2014-05-25T06:38:29Z,52.4623090,4.6049220,6.4
2014-05-25T06:38:30Z,52.4623500,4.6050260,6.0
2014-05-25T06:38:31Z,52.4623940,4.6051270,5.6
2014-05-25T06:38:39Z,52.4627050,4.6059290,5.6
2014-05-25T06:38:41Z,52.4627540,4.6061240,5.6
2014-05-25T06:38:48Z,52.4628150,4.6067840,5.6
2014-05-25T06:38:50Z,52.4628050,4.6069010,5.6
2014-05-25T06:38:52Z,52.4628040,4.6069830,5.6
2014-05-25T06:38:57Z,52.4628620,4.6069190,5.6
2014-05-25T06:39:01Z,52.4628180,4.6066800,5.6
2014-05-25T06:39:05Z,52.4628140,4.6063980,5.6
2014-05-25T06:39:09Z,52.4629690,4.6062870,5.6
2014-05-25T06:39:12Z,52.4630500,4.6064300,5.6
2014-05-25T06:39:14Z,52.4630940,4.6065780,5.6
2014-05-25T06:39:17Z,52.4631600,4.6068390,5.6
2014-05-25T06:39:26Z,52.4633260,4.6076760,5.6
2014-05-25T06:39:31Z,52.4633770,4.6080540,5.6
2014-05-25T06:39:39Z,52.4634230,4.6084940,5.6
2014-05-25T06:39:45Z,52.4634460,4.6089620,5.6
2014-05-25T06:39:52Z,52.4634580,4.6096740,5.6
2014-05-25T06:40:00Z,52.4634490,4.6106130,5.6
2014-05-25T06:40:07Z,52.4634540,4.6115470,5.6
2014-05-25T06:40:09Z,52.4634560,4.6118220,5.6
2014-05-25T06:40:16Z,52.4634550,4.6127560,5.6
2014-05-25T06:40:19Z,52.4634550,4.6131670,5.6
2014-05-25T06:40:26Z,52.4634690,4.6141150,5.6
2014-05-25T06:40:28Z,52.4634700,4.6143790,5.6
2014-05-25T06:40:35Z,52.4634770,4.6153100,5.6
2014-05-25T06:40:38Z,52.4634880,4.6157220,5.6
2014-05-25T06:40:45Z,52.4634870,4.6166660,5.6
2014-05-25T06:40:47Z,52.4634900,4.6169400,5.6
2014-05-25T06:40:54Z,52.4634940,4.6179000,5.6
2014-05-25T06:40:59Z,52.4634910,4.6186050,5.6
2014-05-25T06:41:06Z,52.4635020,4.6195710,5.6
2014-05-25T06:41:09Z,52.4635120,4.6199620,5.6
2014-05-25T06:41:17Z,52.4635080,4.6208800,5.6
2014-05-25T06:41:22Z,52.4634820,4.6212420,5.6
2014-05-25T06:41:24Z,52.4634130,4.6212800,5.6
2014-05-25T06:41:25Z,52.4633720,4.6212750,5.6
2014-05-25T06:41:30Z,52.4632830,4.6213760,5.6
2014-05-25T06:41:32Z,52.4632800,4.6215070,5.6
2014-05-25T06:41:34Z,52.4632850,4.6216790,5.6
2014-05-25T06:41:38Z,52.4632850,4.6220880,5.6
2014-05-25T06:41:41Z,52.4632830,4.6224270,5.6
2014-05-25T06:41:43Z,52.4632760,4.6226650,5.6
2014-05-25T06:41:50Z,52.4632880,4.6234480,5.6
2014-05-25T06:41:54Z,52.4633000,4.6238810,5.2
2014-05-25T06:41:55Z,52.4633050,4.6239920,4.8
2014-05-25T06:41:56Z,52.4633120,4.6241000,4.4
2014-05-25T06:41:57Z,52.4633210,4.6242060,4.0
2014-05-25T06:41:58Z,52.4633300,4.6243180,3.6
2014-05-25T06:42:06Z,52.4634410,4.6252180,3.6
2014-05-25T06:42:14Z,52.4634560,4.6261770,3.6
2014-05-25T06:42:22Z,52.4634620,4.6271650,3.6
2014-05-25T06:42:30Z,52.4634410,4.6280730,3.6
2014-05-25T06:42:34Z,52.4633700,4.6285610,3.6
2014-05-25T06:42:37Z,52.4632590,4.6288870,3.6
2014-05-25T06:42:38Z,52.4632070,4.6289760,3.6
2014-05-25T06:42:42Z,52.4629520,4.6292330,3.6
2014-05-25T06:42:44Z,52.4628270,4.6293180,3.6
2014-05-25T06:42:48Z,52.4625700,4.6294060,3.6
2014-05-25T06:42:56Z,52.4620560,4.6296400,3.6
2014-05-25T06:43:02Z,52.4617530,4.6298580,3.6
2014-05-25T06:43:03Z,52.4617230,4.6299050,3.6
2014-05-25T06:43:07Z,52.4615890,4.6300770,3.6
2014-05-25T06:43:08Z,52.4615700,4.6300950,3.6
2014-05-25T06:43:10Z,52.4615480,4.6301030,3.2
2014-05-25T06:43:11Z,52.4615530,4.6301030,2.8
2014-05-25T06:43:18Z,52.4615140,4.6301170,1.4
2014-05-25T06:43:23Z,52.4614320,4.6303290,1.4
2014-05-25T06:43:24Z,52.4614370,4.6304120,1.4
2014-05-25T06:43:27Z,52.4614890,4.6307130,1.4
2014-05-25T06:43:31Z,52.4615790,4.6311280,1.4
2014-05-25T06:43:34Z,52.4616280,4.6314520,1.4
2014-05-25T06:43:36Z,52.4616700,4.6316730,1.4
2014-05-25T06:43:42Z,52.4617780,4.6322850,1.4
2014-05-25T06:43:49Z,52.4618280,4.6328210,1.4
2014-05-25T06:43:54Z,52.4619060,4.6329610,1.4
2014-05-25T06:43:55Z,52.4619010,4.6329540,1.4
2014-05-25T06:44:10Z,52.4618960,4.6329980,1.4
2014-05-25T06:44:11Z,52.4618990,4.6330350,1.4
2014-05-25T06:44:16Z,52.4619290,4.6333080,1.4
2014-05-25T06:44:18Z,52.4619630,4.6334490,1.4
2014-05-25T06:44:20Z,52.4620310,4.6335550,1.4
2014-05-25T06:44:22Z,52.4621040,4.6336880,1.4
2014-05-25T06:44:25Z,52.4621770,4.6339280,1.4
2014-05-25T06:44:31Z,52.4622700,4.6345210,1.4
2014-05-25T06:44:37Z,52.4622950,4.6351530,1.4
2014-05-25T06:44:44Z,52.4622890,4.6359080,1.4
2014-05-25T06:44:51Z,52.4622420,4.6366550,1.4
2014-05-25T06:44:58Z,52.4622110,4.6374580,1.4
2014-05-25T06:45:06Z,52.4621810,4.6383550,1.4
2014-05-25T06:45:14Z,52.4621190,4.6392500,1.4
2014-05-25T06:45:15Z,52.4621160,4.6393540,1.4
2014-05-25T06:45:22Z,52.4621580,4.6401190,1.4
2014-05-25T06:45:30Z,52.4621730,4.6410580,1.4
2014-05-25T06:45:38Z,52.4622110,4.6420280,1.4
2014-05-25T06:45:46Z,52.4622390,4.6429730,1.4
2014-05-25T06:45:53Z,52.4622280,4.6438570,1.4
2014-05-25T06:45:54Z,52.4622080,4.6439950,1.4
2014-05-25T06:46:02Z,52.4620100,4.6449050,1.4
2014-05-25T06:46:08Z,52.4617290,4.6454730,1.4
2014-05-25T06:46:10Z,52.4616000,4.6455960,1.4
2014-05-25T06:46:11Z,52.4615380,4.6456600,1.4
2014-05-25T06:46:16Z,52.4612100,4.6459020,1.4
2014-05-25T06:46:23Z,52.4607520,4.6462030,1.4
2014-05-25T06:46:27Z,52.4605280,4.6464670,1.4
2014-05-25T06:46:29Z,52.4604180,4.6466410,1.4
2014-05-25T06:46:37Z,52.4599910,4.6473460,1.4
2014-05-25T06:46:44Z,52.4596100,4.6480200,1.4
2014-05-25T06:46:45Z,52.4595700,4.6480930,1.4
2014-05-25T06:46:46Z,52.4595240,4.6481450,1.4
2014-05-25T06:46:49Z,52.4594270,4.6483130,1.4
2014-05-25T06:46:50Z,52.4594050,4.6483790,1.0
2014-05-25T06:46:52Z,52.4593730,4.6484920,0.0
2014-05-25T06:46:54Z,52.4593440,4.6485840,-0.4
2014-05-25T06:46:55Z,52.4593410,4.6486200,-0.8
2014-05-25T06:46:58Z,52.4593450,4.6486690,-0.8
2014-05-25T06:46:59Z,52.4593410,4.6486700,-0.8
2014-05-25T06:47:16Z,52.4593620,4.6487160,-0.8
2014-05-25T06:47:17Z,52.4593710,4.6487180,-0.8
2014-05-25T06:47:22Z,52.4594770,4.6488540,-0.8
2014-05-25T06:47:25Z,52.4595110,4.6489490,-0.8
2014-05-25T06:47:26Z,52.4595090,4.6489600,-0.8
2014-05-25T06:47:27Z,52.4595100,4.6489590,-0.8
2014-05-25T06:47:32Z,52.4595020,4.6490390,-0.8
2014-05-25T06:47:33Z,52.4594870,4.6490820,-0.8
2014-05-25T06:47:38Z,52.4593860,4.6493510,-0.8
2014-05-25T06:47:44Z,52.4592060,4.6497410,-0.8
2014-05-25T06:47:51Z,52.4588900,4.6502840,-0.8
2014-05-25T06:47:58Z,52.4586230,4.6507650,-0.8
2014-05-25T06:48:04Z,52.4584490,4.6511140,-0.8
2014-05-25T06:48:10Z,52.4582420,4.6516150,-0.8
2014-05-25T06:48:16Z,52.4580860,4.6522410,-0.8
2014-05-25T06:48:23Z,52.4579730,4.6530880,-0.8
2014-05-25T06:48:28Z,52.4580280,4.6537240,-0.8
2014-05-25T06:48:34Z,52.4581240,4.6544780,-0.8
2014-05-25T06:48:41Z,52.4582480,4.6553820,-0.8
2014-05-25T06:48:42Z,52.4582700,4.6555080,-0.8
2014-05-25T06:48:50Z,52.4584290,4.6564660,-0.8
2014-05-25T06:48:57Z,52.4585420,4.6573690,-0.8
2014-05-25T06:48:58Z,52.4585600,4.6575010,-0.8
2014-05-25T06:49:05Z,52.4586730,4.6584340,-0.8
2014-05-25T06:49:11Z,52.4587650,4.6592200,-0.8
2014-05-25T06:49:18Z,52.4588600,4.6601620,-0.8
2014-05-25T06:49:21Z,52.4588910,4.6605650,-0.8
2014-05-25T06:49:28Z,52.4589650,4.6614860,-0.8
2014-05-25T06:49:29Z,52.4589750,4.6616230,-0.8
2014-05-25T06:49:36Z,52.4590040,4.6626160,-0.8
2014-05-25T06:49:41Z,52.4589390,4.6633150,-0.8
2014-05-25T06:49:47Z,52.4587800,4.6641550,-0.8
2014-05-25T06:49:53Z,52.4585400,4.6649000,-0.8
2014-05-25T06:49:59Z,52.4582130,4.6655220,-0.8
2014-05-25T06:50:05Z,52.4578290,4.6660500,-0.8
2014-05-25T06:50:12Z,52.4573270,4.6665410,-0.8
2014-05-25T06:50:19Z,52.4568110,4.6669570,-0.8
2014-05-25T06:50:20Z,52.4567420,4.6670160,-0.8
2014-05-25T06:50:26Z,52.4563620,4.6673780,-0.8
2014-05-25T06:50:27Z,52.4562930,4.6674290,-0.8
2014-05-25T06:50:32Z,52.4559850,4.6677470,-0.8
2014-05-25T06:50:33Z,52.4559390,4.6678280,-0.8
2014-05-25T06:50:36Z,52.4558350,4.6681250,-0.8
2014-05-25T06:50:37Z,52.4557850,4.6682100,-0.8
2014-05-25T06:50:41Z,52.4555260,4.6684620,-0.8
2014-05-25T06:50:46Z,52.4552710,4.6689800,-0.8
2014-05-25T06:50:51Z,52.4550940,4.6696120,-0.8
2014-05-25T06:50:56Z,52.4549880,4.6702700,-0.8
2014-05-25T06:51:02Z,52.4548820,4.6710690,-0.8
2014-05-25T06:51:09Z,52.4547320,4.6719650,-0.8
2014-05-25T06:51:15Z,52.4544690,4.6727150,-0.8
2014-05-25T06:51:21Z,52.4541180,4.6733950,-0.8
2014-05-25T06:51:27Z,52.4537430,4.6740600,-0.8
2014-05-25T06:51:28Z,52.4536760,4.6741680,-0.8
2014-05-25T06:51:34Z,52.4533020,4.6748220,-0.8
2014-05-25T06:51:35Z,52.4532390,4.6749320,-0.8
2014-05-25T06:51:41Z,52.4528690,4.6755800,-0.8
2014-05-25T06:51:43Z,52.4527510,4.6758050,-0.8
2014-05-25T06:51:49Z,52.4523930,4.6764700,-0.8
2014-05-25T06:51:51Z,52.4522700,4.6766930,-0.8
2014-05-25T06:51:58Z,52.4518450,4.6774620,-0.8
2014-05-25T06:51:59Z,52.4517830,4.6775740,-0.8
2014-05-25T06:52:05Z,52.4514780,4.6783410,-0.8
2014-05-25T06:52:06Z,52.4514310,4.6784820,-0.8
2014-05-25T06:52:07Z,52.4513780,4.6785970,-0.8
2014-05-25T06:52:12Z,52.4510710,4.6791380,-0.8
2014-05-25T06:52:19Z,52.4506720,4.6799030,-0.8
2014-05-25T06:52:22Z,52.4505120,4.6802220,-0.8
2014-05-25T06:52:29Z,52.4501240,4.6809560,-0.8
2014-05-25T06:52:30Z,52.4500710,4.6810630,-0.8
2014-05-25T06:52:35Z,52.4497710,4.6815250,-0.8
2014-05-25T06:52:36Z,52.4496940,4.6815990,-0.8
2014-05-25T06:52:39Z,52.4494980,4.6818310,-0.8
2014-05-25T06:52:41Z,52.4493870,4.6820350,-0.8
2014-05-25T06:52:48Z,52.4489910,4.6827300,-0.8
2014-05-25T06:52:50Z,52.4488710,4.6829400,-0.8
2014-05-25T06:52:57Z,52.4484740,4.6836640,-0.8
2014-05-25T06:52:58Z,52.4484200,4.6837540,-0.8
2014-05-25T06:53:05Z,52.4480000,4.6843140,-0.8
2014-05-25T06:53:12Z,52.4475500,4.6848220,-0.8
2014-05-25T06:53:13Z,52.4474850,4.6848890,-0.8
2014-05-25T06:53:20Z,52.4469880,4.6852860,-0.8
2014-05-25T06:53:27Z,52.4465060,4.6856420,-0.8
2014-05-25T06:53:34Z,52.4460360,4.6860550,-0.8
2014-05-25T06:53:41Z,52.4455700,4.6865390,-0.8
2014-05-25T06:53:42Z,52.4455090,4.6866150,-0.8
2014-05-25T06:53:49Z,52.4451200,4.6872180,-0.8
2014-05-25T06:53:55Z,52.4448560,4.6878560,-0.8
2014-05-25T06:54:02Z,52.4445860,4.6886340,-0.8
2014-05-25T06:54:07Z,52.4443930,4.6892280,-1.2
2014-05-25T06:54:08Z,52.4443550,4.6893430,-1.6
2014-05-25T06:54:09Z,52.4443150,4.6894650,-2.2
2014-05-25T06:54:10Z,52.4442730,4.6895740,-2.6
2014-05-25T06:54:11Z,52.4442330,4.6897010,-3.0
2014-05-25T06:54:17Z,52.4440220,4.6904750,-3.0
2014-05-25T06:54:24Z,52.4437750,4.6913640,-3.0
2014-05-25T06:54:26Z,52.4436820,4.6916180,-3.0
2014-05-25T06:54:33Z,52.4433790,4.6924350,-3.0
2014-05-25T06:54:40Z,52.4430340,4.6932230,-3.0
2014-05-25T06:54:46Z,52.4427580,4.6940330,-3.0
2014-05-25T06:54:47Z,52.4427020,4.6941520,-3.0
2014-05-25T06:54:53Z,52.4423530,4.6948250,-3.0
2014-05-25T06:55:00Z,52.4419570,4.6956090,-3.0
2014-05-25T06:55:07Z,52.4415550,4.6963980,-3.0
2014-05-25T06:55:08Z,52.4414920,4.6965110,-3.0
2014-05-25T06:55:14Z,52.4411370,4.6971960,-3.0
2014-05-25T06:55:20Z,52.4407720,4.6978760,-3.0
2014-05-25T06:55:26Z,52.4404170,4.6985610,-3.0
2014-05-25T06:55:30Z,52.4401740,4.6990320,-3.0
2014-05-25T06:55:36Z,52.4397970,4.6997340,-3.0
2014-05-25T06:55:40Z,52.4395430,4.7002170,-3.0
2014-05-25T06:55:46Z,52.4391640,4.7009000,-3.0
2014-05-25T06:55:49Z,52.4389760,4.7012420,-3.0
2014-05-25T06:55:56Z,52.4385780,4.7019710,-3.0
2014-05-25T06:55:57Z,52.4385180,4.7020780,-3.0
2014-05-25T06:56:04Z,52.4381250,4.7027950,-3.0
2014-05-25T06:56:06Z,52.4380040,4.7030040,-3.0
2014-05-25T06:56:13Z,52.4375790,4.7036910,-3.0
2014-05-25T06:56:16Z,52.4373960,4.7039960,-3.0
2014-05-25T06:56:22Z,52.4369930,4.7046140,-3.6
2014-05-25T06:56:23Z,52.4369280,4.7047020,-4.4
2014-05-25T06:56:24Z,52.4368690,4.7048080,-5.0
2014-05-25T06:56:25Z,52.4368100,4.7049120,-4.8
2014-05-25T06:56:26Z,52.4367500,4.7050130,-4.8
2014-05-25T06:56:27Z,52.4366860,4.7051070,-4.6
2014-05-25T06:56:28Z,52.4366250,4.7052090,-4.4
2014-05-25T06:56:29Z,52.4365680,4.7053130,-4.2
2014-05-25T06:56:33Z,52.4363460,4.7057280,-4.2
2014-05-25T06:56:40Z,52.4359310,4.7064520,-4.2
2014-05-25T06:56:43Z,52.4357560,4.7067600,-4.2
2014-05-25T06:56:50Z,52.4353620,4.7075130,-4.2
2014-05-25T06:56:51Z,52.4353050,4.7076340,-4.2
2014-05-25T06:56:57Z,52.4349920,4.7082850,-4.2
2014-05-25T06:57:03Z,52.4347350,4.7089390,-4.2
2014-05-25T06:57:10Z,52.4344560,4.7097360,-4.2
2014-05-25T06:57:14Z,52.4343410,4.7101950,-4.2
2014-05-25T06:57:21Z,52.4341160,4.7110640,-4.2
2014-05-25T06:57:28Z,52.4339020,4.7118960,-4.2
2014-05-25T06:57:35Z,52.4337080,4.7127250,-4.2
2014-05-25T06:57:43Z,52.4335030,4.7136700,-4.2
2014-05-25T06:57:44Z,52.4334760,4.7137950,-4.2
2014-05-25T06:57:51Z,52.4332880,4.7146750,-4.2
2014-05-25T06:57:57Z,52.4331400,4.7153950,-3.8
2014-05-25T06:57:58Z,52.4331100,4.7155150,-3.4
2014-05-25T06:57:59Z,52.4330840,4.7156310,-2.8
2014-05-25T06:58:00Z,52.4330600,4.7157370,-2.4
2014-05-25T06:58:01Z,52.4330290,4.7158430,-2.0
2014-05-25T06:58:06Z,52.4328610,4.7164090,-1.6
2014-05-25T06:58:07Z,52.4328160,4.7165220,-1.2
2014-05-25T06:58:08Z,52.4327690,4.7166330,-0.6
2014-05-25T06:58:09Z,52.4327290,4.7167340,-0.2
2014-05-25T06:58:10Z,52.4326870,4.7168410,0.2
2014-05-25T06:58:11Z,52.4326370,4.7169520,0.6
2014-05-25T06:58:12Z,52.4325820,4.7170630,1.0
2014-05-25T06:58:13Z,52.4325320,4.7171690,1.4
2014-05-25T06:58:14Z,52.4324860,4.7172700,1.8
2014-05-25T06:58:15Z,52.4324360,4.7173700,2.4
2014-05-25T06:58:21Z,52.4321270,4.7179200,2.4
2014-05-25T06:58:25Z,52.4319440,4.7183110,2.8
2014-05-25T06:58:26Z,52.4318980,4.7184070,3.2
2014-05-25T06:58:27Z,52.4318510,4.7185020,3.6
2014-05-25T06:58:28Z,52.4318020,4.7185970,4.2
2014-05-25T06:58:29Z,52.4317560,4.7186920,4.6
2014-05-25T06:58:36Z,52.4314230,4.7193540,4.6
2014-05-25T06:58:44Z,52.4310750,4.7201370,4.6
2014-05-25T06:58:46Z,52.4310000,4.7203430,4.6
2014-05-25T06:58:53Z,52.4307240,4.7211360,4.6
2014-05-25T06:58:54Z,52.4306950,4.7212590,4.2
2014-05-25T06:58:55Z,52.4306670,4.7213870,3.8
2014-05-25T06:58:56Z,52.4306390,4.7215240,3.4
2014-05-25T06:58:57Z,52.4306120,4.7216620,2.8
2014-05-25T06:58:58Z,52.4305880,4.7218010,2.4
2014-05-25T06:59:00Z,52.4305470,4.7220890,2.4
2014-05-25T06:59:04Z,52.4305180,4.7226790,2.0
2014-05-25T06:59:05Z,52.4305210,4.7228310,1.6
2014-05-25T06:59:06Z,52.4305250,4.7229830,1.2
2014-05-25T06:59:07Z,52.4305290,4.7231410,0.8
2014-05-25T06:59:08Z,52.4305360,4.7232940,0.4
2014-05-25T06:59:11Z,52.4305930,4.7237410,0.4
2014-05-25T06:59:13Z,52.4306410,4.7240080,-0.2
2014-05-25T06:59:14Z,52.4306660,4.7241420,-0.6
2014-05-25T06:59:15Z,52.4306930,4.7242730,-1.0
2014-05-25T06:59:16Z,52.4307330,4.7243900,-1.6
2014-05-25T06:59:17Z,52.4307820,4.7244900,-2.0
2014-05-25T06:59:22Z,52.4309770,4.7250020,-2.0
2014-05-25T06:59:24Z,52.4309940,4.7252690,-2.0
2014-05-25T06:59:25Z,52.4309860,4.7254000,-2.0
2014-05-25T06:59:27Z,52.4309810,4.7256550,-2.4
2014-05-25T06:59:28Z,52.4309930,4.7257780,-2.8
2014-05-25T06:59:29Z,52.4310130,4.7259060,-3.4
2014-05-25T06:59:30Z,52.4310330,4.7260340,-3.8
2014-05-25T06:59:31Z,52.4310510,4.7261610,-4.2
2014-05-25T06:59:38Z,52.4311410,4.7271020,-4.2
2014-05-25T06:59:44Z,52.4310770,4.7280080,-4.2
2014-05-25T06:59:50Z,52.4309670,4.7288910,-4.2
2014-05-25T06:59:51Z,52.4309470,4.7290440,-4.2
2014-05-25T06:59:57Z,52.4308230,4.7299070,-4.2
2014-05-25T06:59:58Z,52.4308070,4.7300440,-4.2
2014-05-25T07:00:05Z,52.4306680,4.7310370,-4.2
2014-05-25T07:00:07Z,52.4306260,4.7313400,-4.2
2014-05-25T07:00:13Z,52.4305060,4.7322380,-4.2
2014-05-25T07:00:16Z,52.4304380,4.7326810,-4.2
2014-05-25T07:00:22Z,52.4303280,4.7335640,-4.2
2014-05-25T07:00:26Z,52.4302560,4.7341550,-4.2
2014-05-25T07:00:33Z,52.4302100,4.7351810,-4.2
2014-05-25T07:00:38Z,52.4302050,4.7358430,-4.2
2014-05-25T07:00:44Z,52.4301250,4.7365080,-4.2
2014-05-25T07:00:52Z,52.4300010,4.7374170,-4.2
2014-05-25T07:00:55Z,52.4299380,4.7377520,-4.2
2014-05-25T07:01:03Z,52.4296610,4.7384980,-4.2
2014-05-25T07:01:10Z,52.4293930,4.7390660,-4.2
2014-05-25T07:01:14Z,52.4293470,4.7394450,-4.6
2014-05-25T07:01:15Z,52.4293320,4.7395430,-5.0
2014-05-25T07:01:16Z,52.4293180,4.7396320,-5.4
2014-05-25T07:01:17Z,52.4293070,4.7397200,-5.8
2014-05-25T07:01:18Z,52.4292990,4.7398150,-6.2
2014-05-25T07:01:20Z,52.4292660,4.7399700,-6.2
2014-05-25T07:01:21Z,52.4292350,4.7400300,-6.2
2014-05-25T07:01:24Z,52.4291170,4.7400480,-6.2
2014-05-25T07:01:27Z,52.4290100,4.7398250,-6.2
2014-05-25T07:01:29Z,52.4289740,4.7396290,-6.2
2014-05-25T07:01:31Z,52.4289190,4.7394330,-6.2
2014-05-25T07:01:37Z,52.4287070,4.7388820,-6.2
2014-05-25T07:01:40Z,52.4285040,4.7388960,-6.2
2014-05-25T07:01:42Z,52.4283650,4.7388910,-6.2
2014-05-25T07:01:44Z,52.4282310,4.7389310,-6.2
2014-05-25T07:01:49Z,52.4278910,4.7390210,-5.8
2014-05-25T07:01:50Z,52.4278220,4.7390320,-5.4
2014-05-25T07:01:51Z,52.4277510,4.7390370,-5.0
2014-05-25T07:01:52Z,52.4276830,4.7390250,-4.4
2014-05-25T07:01:53Z,52.4276150,4.7390050,-4.0
2014-05-25T07:01:57Z,52.4273570,4.7389050,-4.0
2014-05-25T07:02:01Z,52.4270900,4.7388170,-3.6
2014-05-25T07:02:02Z,52.4270260,4.7387970,-3.2
2014-05-25T07:02:03Z,52.4269560,4.7387710,-2.8
2014-05-25T07:02:04Z,52.4268840,4.7387490,-2.4
2014-05-25T07:02:05Z,52.4268090,4.7387240,-2.0
2014-05-25T07:02:12Z,52.4263340,4.7385630,-2.0
2014-05-25T07:02:19Z,52.4259260,4.7384040,-2.0
2014-05-25T07:02:28Z,52.4253940,4.7382140,-2.0
2014-05-25T07:02:36Z,52.4249070,4.7380570,-2.0
2014-05-25T07:02:45Z,52.4244240,4.7378680,-2.0
2014-05-25T07:02:52Z,52.4238660,4.7377210,-2.0
2014-05-25T07:02:59Z,52.4233820,4.7375530,-2.0
2014-05-25T07:03:08Z,52.4228090,4.7373260,-2.0
2014-05-25T07:03:09Z,52.4227500,4.7372990,-2.0
2014-05-25T07:03:18Z,52.4221670,4.7370820,-2.0
2014-05-25T07:03:21Z,52.4219690,4.7370040,-2.0
2014-05-25T07:03:29Z,52.4214470,4.7368690,-2.0
2014-05-25T07:03:36Z,52.4208790,4.7369270,-2.0
2014-05-25T07:03:43Z,52.4202840,4.7370540,-2.0
2014-05-25T07:03:50Z,52.4197910,4.7371510,-2.0
2014-05-25T07:03:57Z,52.4192900,4.7372660,-2.0
2014-05-25T07:04:05Z,52.4187300,4.7373790,-2.0
2014-05-25T07:04:07Z,52.4185770,4.7374130,-2.0
2014-05-25T07:04:15Z,52.4179980,4.7374950,-2.0
2014-05-25T07:04:22Z,52.4174750,4.7376120,-2.0
2014-05-25T07:04:30Z,52.4168860,4.7377490,-2.0
2014-05-25T07:04:32Z,52.4167240,4.7378130,-2.0
2014-05-25T07:04:38Z,52.4161920,4.7379800,-2.0
2014-05-25T07:04:44Z,52.4156520,4.7381360,-2.0
2014-05-25T07:04:45Z,52.4155650,4.7381520,-2.0
2014-05-25T07:04:51Z,52.4150300,4.7382780,-2.0
2014-05-25T07:04:53Z,52.4148410,4.7383240,-2.0
2014-05-25T07:05:00Z,52.4142230,4.7385040,-2.0
2014-05-25T07:05:07Z,52.4136100,4.7387560,-2.0
2014-05-25T07:05:09Z,52.4134340,4.7388250,-2.0
2014-05-25T07:05:16Z,52.4128620,4.7390100,-2.0
2014-05-25T07:05:17Z,52.4127840,4.7390360,-2.0
2014-05-25T07:05:25Z,52.4122100,4.7392640,-2.0
2014-05-25T07:05:26Z,52.4121390,4.7392940,-2.0
2014-05-25T07:05:33Z,52.4116490,4.7395130,-2.0
2014-05-25T07:05:41Z,52.4111220,4.7397510,-2.0
2014-05-25T07:05:42Z,52.4110530,4.7397800,-2.0
2014-05-25T07:05:50Z,52.4105190,4.7400050,-2.0
2014-05-25T07:05:52Z,52.4104350,4.7400790,-2.0
2014-05-25T07:06:01Z,52.4098540,4.7403010,-2.0
2014-05-25T07:06:10Z,52.4092870,4.7405590,-2.0
2014-05-25T07:06:18Z,52.4088420,4.7409850,-2.0
2014-05-25T07:06:21Z,52.4086850,4.7412360,-2.0
2014-05-25T07:06:22Z,52.4086330,4.7413270,-2.0
2014-05-25T07:06:28Z,52.4083820,4.7418880,-2.0
2014-05-25T07:06:29Z,52.4083500,4.7419870,-2.0
2014-05-25T07:06:35Z,52.4082130,4.7426170,-2.0
2014-05-25T07:06:43Z,52.4081030,4.7435250,-2.0
2014-05-25T07:06:50Z,52.4080190,4.7442970,-2.0
2014-05-25T07:06:58Z,52.4079230,4.7452190,-2.0
2014-05-25T07:06:59Z,52.4079080,4.7453330,-2.0
2014-05-25T07:07:07Z,52.4077780,4.7462540,-2.0
2014-05-25T07:07:14Z,52.4076280,4.7471310,-2.0
2014-05-25T07:07:16Z,52.4076010,4.7473570,-2.0
2014-05-25T07:07:24Z,52.4075220,4.7482920,-2.0
2014-05-25T07:07:31Z,52.4073790,4.7491300,-2.0
2014-05-25T07:07:38Z,52.4072430,4.7499990,-2.0
2014-05-25T07:07:40Z,52.4072000,4.7502470,-2.0
2014-05-25T07:07:48Z,52.4070540,4.7511830,-2.0
2014-05-25T07:07:49Z,52.4070360,4.7512990,-2.0
2014-05-25T07:07:56Z,52.4069100,4.7521710,-2.0
2014-05-25T07:07:59Z,52.4068640,4.7525430,-2.0
2014-05-25T07:08:07Z,52.4067120,4.7535050,-2.0
2014-05-25T07:08:15Z,52.4065920,4.7544750,-2.0
2014-05-25T07:08:16Z,52.4065820,4.7545930,-2.0
2014-05-25T07:08:24Z,52.4065020,4.7554780,-2.0
2014-05-25T07:08:25Z,52.4064880,4.7555890,-2.0
2014-05-25T07:08:33Z,52.4063640,4.7564730,-2.0
2014-05-25T07:08:35Z,52.4063350,4.7567090,-2.0
2014-05-25T07:08:42Z,52.4061750,4.7574750,-2.0
2014-05-25T07:08:49Z,52.4058810,4.7581340,-2.0
2014-05-25T07:08:55Z,52.4055260,4.7584750,-2.0
2014-05-25T07:09:01Z,52.4051170,4.7586590,-2.0
2014-05-25T07:09:08Z,52.4046080,4.7587660,-2.0
2014-05-25T07:09:16Z,52.4040320,4.7589630,-2.0
2014-05-25T07:09:23Z,52.4035200,4.7590850,-2.0
2014-05-25T07:09:31Z,52.4029880,4.7592400,-2.0
2014-05-25T07:09:33Z,52.4028540,4.7592790,-2.0
2014-05-25T07:09:42Z,52.4022670,4.7595120,-2.0
2014-05-25T07:09:49Z,52.4017630,4.7596790,-2.0
2014-05-25T07:09:56Z,52.4012510,4.7599100,-2.0
2014-05-25T07:10:03Z,52.4007720,4.7603730,-2.0
2014-05-25T07:10:04Z,52.4007070,4.7604570,-2.0
2014-05-25T07:10:11Z,52.4003560,4.7611870,-2.0
2014-05-25T07:10:14Z,52.4002550,4.7615380,-2.0
2014-05-25T07:10:15Z,52.4002120,4.7616500,-2.0
2014-05-25T07:10:21Z,52.4000710,4.7624350,-2.0
2014-05-25T07:10:28Z,52.3999410,4.7633930,-2.0
2014-05-25T07:10:35Z,52.3998230,4.7643490,-2.0
2014-05-25T07:10:36Z,52.3998040,4.7644840,-2.0
2014-05-25T07:10:43Z,52.3996860,4.7654430,-2.0
2014-05-25T07:10:46Z,52.3996290,4.7658620,-2.0
2014-05-25T07:10:53Z,52.3994770,4.7667850,-2.0
2014-05-25T07:10:54Z,52.3994570,4.7669110,-2.0
2014-05-25T07:11:01Z,52.3993980,4.7677600,-2.0
2014-05-25T07:11:08Z,52.3992780,4.7686310,-2.0
2014-05-25T07:11:11Z,52.3991990,4.7690110,-2.0
2014-05-25T07:11:18Z,52.3989980,4.7698210,-2.0
2014-05-25T07:11:24Z,52.3988340,4.7704560,-2.4
2014-05-25T07:11:25Z,52.3988030,4.7705670,-2.8
2014-05-25T07:11:26Z,52.3987730,4.7706730,-3.2
2014-05-25T07:11:27Z,52.3987430,4.7707810,-3.6
2014-05-25T07:11:28Z,52.3987160,4.7708920,-4.0
2014-05-25T07:11:34Z,52.3985590,4.7715440,-4.0
2014-05-25T07:11:35Z,52.3985430,4.7716530,-4.0
2014-05-25T07:11:38Z,52.3984630,4.7719520,-4.0
2014-05-25T07:11:40Z,52.3983890,4.7721600,-4.0
2014-05-25T07:11:47Z,52.3981830,4.7729000,-4.0
2014-05-25T07:11:55Z,52.3979880,4.7737600,-4.0
2014-05-25T07:12:03Z,52.3978180,4.7746280,-4.0
2014-05-25T07:12:11Z,52.3977090,4.7755120,-4.0
2014-05-25T07:12:13Z,52.3976590,4.7757260,-4.0
2014-05-25T07:12:21Z,52.3975220,4.7765960,-4.0
2014-05-25T07:12:28Z,52.3974920,4.7773230,-4.0
2014-05-25T07:12:35Z,52.3975070,4.7779680,-4.0
2014-05-25T07:12:40Z,52.3975000,4.7781950,-4.0
2014-05-25T07:12:43Z,52.3974920,4.7782260,-4.0
2014-05-25T07:13:02Z,52.3974890,4.7783060,-4.0
2014-05-25T07:13:03Z,52.3974850,4.7783430,-4.0
2014-05-25T07:13:07Z,52.3974580,4.7786200,-4.0
2014-05-25T07:13:15Z,52.3974460,4.7793560,-4.0
2014-05-25T07:13:24Z,52.3974380,4.7802900,-4.0
2014-05-25T07:13:25Z,52.3974440,4.7803970,-4.0
2014-05-25T07:13:34Z,52.3974580,4.7813890,-4.0
2014-05-25T07:13:42Z,52.3974540,4.7823590,-4.0
2014-05-25T07:13:44Z,52.3974530,4.7826010,-4.0
2014-05-25T07:13:52Z,52.3974600,4.7835620,-4.0
2014-05-25T07:13:54Z,52.3974590,4.7838080,-4.0
2014-05-25T07:14:02Z,52.3974520,4.7848080,-4.0
2014-05-25T07:14:03Z,52.3974500,4.7849330,-4.0
2014-05-25T07:14:11Z,52.3974880,4.7859340,-4.0
2014-05-25T07:14:13Z,52.3975000,4.7861800,-4.0
2014-05-25T07:14:21Z,52.3975120,4.7871860,-4.0
2014-05-25T07:14:22Z,52.3975090,4.7873120,-4.0
2014-05-25T07:14:30Z,52.3975160,4.7883000,-4.0
2014-05-25T07:14:32Z,52.3975270,4.7885500,-4.0
2014-05-25T07:14:39Z,52.3976070,4.7894470,-4.0
2014-05-25T07:14:40Z,52.3976120,4.7895700,-4.0
2014-05-25T07:14:48Z,52.3975940,4.7905720,-4.0
2014-05-25T07:14:49Z,52.3975910,4.7906910,-4.0
2014-05-25T07:14:57Z,52.3975480,4.7916570,-4.0
2014-05-25T07:15:01Z,52.3975640,4.7921670,-4.0
2014-05-25T07:15:08Z,52.3975130,4.7930750,-4.0
2014-05-25T07:15:09Z,52.3975160,4.7932030,-4.0
2014-05-25T07:15:16Z,52.3975060,4.7940820,-4.0
2014-05-25T07:15:20Z,52.3975070,4.7943230,-4.0
2014-05-25T07:15:25Z,52.3975220,4.7944890,-4.0
2014-05-25T07:15:30Z,52.3974690,4.7948050,-4.0
2014-05-25T07:15:36Z,52.3974790,4.7953850,-4.0
2014-05-25T07:15:44Z,52.3974840,4.7962310,-4.0
2014-05-25T07:15:52Z,52.3974880,4.7971290,-4.0
2014-05-25T07:15:53Z,52.3974860,4.7972450,-4.0
2014-05-25T07:16:01Z,52.3974360,4.7981840,-4.0
2014-05-25T07:16:02Z,52.3974230,4.7983030,-4.0
2014-05-25T07:16:09Z,52.3972900,4.7991460,-4.0
2014-05-25T07:16:17Z,52.3971190,4.8001040,-4.0
2014-05-25T07:16:21Z,52.3969500,4.8005330,-4.0
2014-05-25T07:16:24Z,52.3968190,4.8008410,-4.0
2014-05-25T07:16:30Z,52.3965050,4.8014070,-4.0
2014-05-25T07:16:36Z,52.3961320,4.8017980,-4.0
2014-05-25T07:16:43Z,52.3956780,4.8021330,-4.0
2014-05-25T07:16:49Z,52.3952460,4.8023360,-4.0
2014-05-25T07:16:56Z,52.3947400,4.8024500,-4.0
2014-05-25T07:17:04Z,52.3942150,4.8024380,-4.0
2014-05-25T07:17:08Z,52.3940100,4.8024260,-4.0
2014-05-25T07:17:09Z,52.3939690,4.8024170,-4.0
2014-05-25T07:17:15Z,52.3938620,4.8026310,-4.0
2014-05-25T07:17:20Z,52.3938360,4.8029680,-4.0
2014-05-25T07:17:24Z,52.3938490,4.8033210,-4.0
2014-05-25T07:17:25Z,52.3938380,4.8034070,-4.0
2014-05-25T07:17:32Z,52.3937380,4.8040890,-4.0
2014-05-25T07:17:33Z,52.3937400,4.8041990,-4.0
2014-05-25T07:17:38Z,52.3937190,4.8047440,-4.0
2014-05-25T07:17:43Z,52.3938180,4.8052780,-4.0
2014-05-25T07:17:49Z,52.3940310,4.8059060,-4.0
2014-05-25T07:17:57Z,52.3943420,4.8066930,-4.0
2014-05-25T07:18:05Z,52.3946460,4.8074460,-4.0
2014-05-25T07:18:11Z,52.3948110,4.8079960,-4.0
2014-05-25T07:18:14Z,52.3948730,4.8082050,-4.6
2014-05-25T07:18:15Z,52.3948860,4.8082640,-5.0
2014-05-25T07:18:16Z,52.3948940,4.8083400,-5.4
2014-05-25T07:18:17Z,52.3948820,4.8083990,-6.0
2014-05-25T07:18:18Z,52.3948570,4.8084540,-6.4
2014-05-25T07:18:19Z,52.3948110,4.8085170,-6.4
2014-05-25T07:18:20Z,52.3947620,4.8085920,-6.4
2014-05-25T07:18:22Z,52.3946640,4.8087330,-6.0
2014-05-25T07:18:23Z,52.3946170,4.8088040,-5.6
2014-05-25T07:18:24Z,52.3945740,4.8088580,-5.2
2014-05-25T07:18:25Z,52.3945360,4.8089140,-4.8
2014-05-25T07:18:26Z,52.3944870,4.8089720,-4.4
2014-05-25T07:18:34Z,52.3941090,4.8094620,-4.4
2014-05-25T07:18:42Z,52.3936910,4.8100040,-4.4
2014-05-25T07:18:51Z,52.3932820,4.8106680,-4.4
2014-05-25T07:18:52Z,52.3932380,4.8107450,-4.4
2014-05-25T07:19:01Z,52.3928430,4.8114920,-4.4
2014-05-25T07:19:09Z,52.3925160,4.8122440,-4.4
2014-05-25T07:19:10Z,52.3924740,4.8123440,-4.4
2014-05-25T07:19:17Z,52.3922110,4.8129980,-4.4
2014-05-25T07:19:19Z,52.3921350,4.8131950,-4.4
2014-05-25T07:19:27Z,52.3918940,4.8140220,-4.4
2014-05-25T07:19:29Z,52.3918390,4.8142440,-4.4
2014-05-25T07:19:36Z,52.3916770,4.8150780,-4.4
2014-05-25T07:19:44Z,52.3915400,4.8160070,-4.4
2014-05-25T07:19:52Z,52.3913460,4.8169650,-4.4
2014-05-25T07:19:59Z,52.3912070,4.8178210,-4.4
2014-05-25T07:20:00Z,52.3911890,4.8179360,-4.4
2014-05-25T07:20:04Z,52.3911780,4.8183310,-4.4
2014-05-25T07:20:05Z,52.3911810,4.8184000,-4.4
2014-05-25T07:20:07Z,52.3911620,4.8184690,-4.8
2014-05-25T07:20:08Z,52.3911730,4.8184920,-5.2
2014-05-25T07:20:09Z,52.3911840,4.8185300,-5.6
2014-05-25T07:20:10Z,52.3911850,4.8185800,-6.0
2014-05-25T07:20:11Z,52.3911900,4.8186400,-6.4
2014-05-25T07:20:13Z,52.3911930,4.8187570,-6.4
2014-05-25T07:20:18Z,52.3911880,4.8189130,-6.4
2014-05-25T07:20:19Z,52.3911930,4.8189150,-6.4
2014-05-25T07:20:35Z,52.3911980,4.8189730,-6.4
2014-05-25T07:20:36Z,52.3911940,4.8190100,-6.4
2014-05-25T07:20:41Z,52.3911470,4.8192740,-6.4
2014-05-25T07:20:46Z,52.3911760,4.8196010,-6.4
2014-05-25T07:20:53Z,52.3912560,4.8201660,-6.4
2014-05-25T07:20:56Z,52.3912930,4.8204410,-6.4
2014-05-25T07:20:59Z,52.3913690,4.8206350,-6.4
2014-05-25T07:21:00Z,52.3914060,4.8207020,-6.4
2014-05-25T07:21:02Z,52.3914360,4.8208730,-6.4
2014-05-25T07:21:03Z,52.3914430,4.8209660,-6.4
2014-05-25T07:21:09Z,52.3914630,4.8215360,-6.4
2014-05-25T07:21:17Z,52.3914990,4.8223090,-6.4
2014-05-25T07:21:20Z,52.3915010,4.8226060,-6.0
2014-05-25T07:21:21Z,52.3915020,4.8227010,-5.6
2014-05-25T07:21:22Z,52.3915020,4.8228010,-5.2
2014-05-25T07:21:23Z,52.3914990,4.8229060,-4.8
2014-05-25T07:21:24Z,52.3914950,4.8230000,-4.4
2014-05-25T07:21:26Z,52.3914950,4.8232120,-4.4
2014-05-25T07:21:35Z,52.3914650,4.8241680,-4.4
2014-05-25T07:21:36Z,52.3914650,4.8242770,-4.4
2014-05-25T07:21:44Z,52.3914590,4.8251650,-4.4
2014-05-25T07:21:46Z,52.3914520,4.8253870,-4.4
2014-05-25T07:21:54Z,52.3914590,4.8262690,-4.4
2014-05-25T07:21:55Z,52.3914610,4.8263810,-4.4
2014-05-25T07:22:03Z,52.3914540,4.8272640,-4.4
2014-05-25T07:22:10Z,52.3914320,4.8280280,-4.4
2014-05-25T07:22:18Z,52.3914640,4.8289600,-4.4
2014-05-25T07:22:19Z,52.3914650,4.8290720,-4.4
2014-05-25T07:22:27Z,52.3914580,4.8299940,-4.4
2014-05-25T07:22:28Z,52.3914570,4.8300940,-4.4
2014-05-25T07:22:36Z,52.3914600,4.8310160,-4.4
2014-05-25T07:22:37Z,52.3914600,4.8311190,-4.4
2014-05-25T07:22:45Z,52.3914540,4.8320370,-4.4
2014-05-25T07:22:53Z,52.3914530,4.8329450,-4.4
2014-05-25T07:22:54Z,52.3914570,4.8330540,-4.4
2014-05-25T07:22:59Z,52.3914270,4.8335560,-4.4
2014-05-25T07:23:08Z,52.3914080,4.8344240,-4.4
2014-05-25T07:23:17Z,52.3913740,4.8352880,-4.4
2014-05-25T07:23:21Z,52.3914050,4.8354710,-4.4
2014-05-25T07:23:26Z,52.3914360,4.8356470,-4.4
2014-05-25T07:23:33Z,52.3914780,4.8359960,-4.4
2014-05-25T07:23:36Z,52.3914900,4.8360400,-4.4
2014-05-25T07:23:59Z,52.3914940,4.8360920,-4.4
2014-05-25T07:24:04Z,52.3915410,4.8363650,-4.4
2014-05-25T07:24:09Z,52.3914560,4.8367470,-4.4
2014-05-25T07:24:17Z,52.3914140,4.8374150,-4.4
2014-05-25T07:24:24Z,52.3913510,4.8380150,-4.4
2014-05-25T07:24:33Z,52.3912270,4.8388770,-4.4
2014-05-25T07:24:34Z,52.3912310,4.8389670,-4.4
2014-05-25T07:24:42Z,52.3913280,4.8397810,-4.4
2014-05-25T07:24:50Z,52.3914000,4.8405750,-4.4
2014-05-25T07:24:52Z,52.3913840,4.8407680,-4.4
2014-05-25T07:24:56Z,52.3913760,4.8411700,-4.4
2014-05-25T07:25:05Z,52.3914460,4.8421150,-4.4
2014-05-25T07:25:12Z,52.3914540,4.8428250,-4.4
2014-05-25T07:25:16Z,52.3914600,4.8430680,-4.4
2014-05-25T07:25:20Z,52.3914710,4.8431250,-4.4
2014-05-25T07:25:48Z,52.3914920,4.8431670,-4.4
2014-05-25T07:25:50Z,52.3915240,4.8432500,-4.4
2014-05-25T07:25:57Z,52.3916270,4.8436540,-4.4
2014-05-25T07:26:03Z,52.3917330,4.8440010,-4.4
2014-05-25T07:26:09Z,52.3917950,4.8443830,-4.4
2014-05-25T07:26:14Z,52.3917590,4.8447080,-4.4
2014-05-25T07:26:21Z,52.3916670,4.8451140,-4.4
2014-05-25T07:26:28Z,52.3915960,4.8456230,-4.4
2014-05-25T07:26:36Z,52.3916730,4.8463480,-4.4
2014-05-25T07:26:41Z,52.3917180,4.8466930,-4.4
2014-05-25T07:26:46Z,52.3917330,4.8468690,-4.8
2014-05-25T07:26:47Z,52.3917340,4.8468880,-5.2
2014-05-25T07:26:48Z,52.3917310,4.8468970,-5.6
2014-05-25T07:26:49Z,52.3917300,4.8468960,-6.2
2014-05-25T07:27:22Z,52.3917990,4.8469900,-6.6
2014-05-25T07:27:23Z,52.3917960,4.8470210,-6.6
2014-05-25T07:27:28Z,52.3918100,4.8472500,-6.6
2014-05-25T07:27:36Z,52.3918250,4.8477830,-6.6
2014-05-25T07:27:42Z,52.3917890,4.8482370,-6.6
2014-05-25T07:27:49Z,52.3916960,4.8487720,-6.6
2014-05-25T07:27:58Z,52.3916810,4.8495500,-6.6
2014-05-25T07:27:59Z,52.3916690,4.8496360,-6.6
2014-05-25T07:28:03Z,52.3916680,4.8500150,-6.6
2014-05-25T07:28:09Z,52.3916390,4.8506270,-6.6
2014-05-25T07:28:17Z,52.3917040,4.8515040,-6.6
2014-05-25T07:28:24Z,52.3917230,4.8522530,-6.6
2014-05-25T07:28:33Z,52.3917550,4.8531570,-6.6
2014-05-25T07:28:40Z,52.3917640,4.8538720,-6.6
2014-05-25T07:28:48Z,52.3917990,4.8545840,-6.6
2014-05-25T07:28:55Z,52.3918370,4.8551010,-6.6
2014-05-25T07:29:01Z,52.3918400,4.8555690,-6.6
2014-05-25T07:29:02Z,52.3918510,4.8556450,-6.6
2014-05-25T07:29:04Z,52.3918760,4.8558180,-6.6
2014-05-25T07:29:07Z,52.3918880,4.8561110,-6.6
2014-05-25T07:29:08Z,52.3918900,4.8562110,-6.6
2014-05-25T07:29:14Z,52.3919300,4.8568010,-6.6
2014-05-25T07:29:22Z,52.3920140,4.8575650,-6.6
2014-05-25T07:29:31Z,52.3921190,4.8584890,-6.6
2014-05-25T07:29:32Z,52.3921340,4.8585920,-6.2
2014-05-25T07:29:33Z,52.3921540,4.8586850,-5.8
2014-05-25T07:29:34Z,52.3921730,4.8587840,-5.4
2014-05-25T07:29:35Z,52.3921920,4.8588900,-5.0
2014-05-25T07:29:36Z,52.3922190,4.8589880,-4.4
2014-05-25T07:29:38Z,52.3922710,4.8591790,-4.4
2014-05-25T07:29:47Z,52.3924400,4.8600460,-4.4
2014-05-25T07:29:56Z,52.3925450,4.8608560,-4.4
2014-05-25T07:30:04Z,52.3925330,4.8615680,-4.4
2014-05-25T07:30:13Z,52.3924980,4.8624050,-4.4
2014-05-25T07:30:22Z,52.3925560,4.8632980,-4.4
2014-05-25T07:30:30Z,52.3926100,4.8640550,-4.4
2014-05-25T07:30:37Z,52.3926800,4.8648360,-4.4
2014-05-25T07:30:38Z,52.3926790,4.8649650,-5.0
2014-05-25T07:30:39Z,52.3926780,4.8651010,-5.4
2014-05-25T07:30:40Z,52.3926750,4.8652320,-5.8
2014-05-25T07:30:41Z,52.3926780,4.8653630,-6.2
2014-05-25T07:30:42Z,52.3926780,4.8653630,-6.8
2014-05-25T07:30:48Z,52.3927350,4.8659550,-6.8
2014-05-25T07:30:49Z,52.3927810,4.8660400,-6.8
2014-05-25T07:30:53Z,52.3929340,4.8664500,-6.4
2014-05-25T07:30:54Z,52.3929630,4.8665570,-6.0
2014-05-25T07:30:55Z,52.3929690,4.8666590,-5.4
2014-05-25T07:30:57Z,52.3930130,4.8668630,-5.0
2014-05-25T07:30:58Z,52.3930580,4.8669810,-4.6
2014-05-25T07:31:01Z,52.3931080,4.8673250,-4.6
2014-05-25T07:31:08Z,52.3930940,4.8680090,-4.6
2014-05-25T07:31:14Z,52.3929980,4.8685000,-4.6
2014-05-25T07:31:18Z,52.3929860,4.8687230,-4.6
2014-05-25T07:31:26Z,52.3930010,4.8693690,-4.6
2014-05-25T07:31:34Z,52.3929890,4.8700760,-4.6
2014-05-25T07:31:42Z,52.3929340,4.8707560,-4.6
2014-05-25T07:31:47Z,52.3929560,4.8710240,-4.6
2014-05-25T07:31:50Z,52.3929380,4.8710300,-4.6
2014-05-25T07:31:51Z,52.3929310,4.8710060,-4.6
2014-05-25T07:31:56Z,52.3928990,4.8709420,-4.6
2014-05-25T07:31:58Z,52.3929110,4.8709370,-4.6
2014-05-25T07:31:59Z,52.3928970,4.8709430,-4.6
2014-05-25T07:32:01Z,52.3927760,4.8709190,-4.6
2014-05-25T07:32:03Z,52.3926670,4.8708870,-4.6
2014-05-25T07:32:05Z,52.3925390,4.8708540,-5.0
2014-05-25T07:32:06Z,52.3924810,4.8708550,-5.6
