2014-07-05T23:19:05Z,-33.9502300,151.2374130,30.2
2014-07-05T23:19:09Z,-33.9504920,151.2374130,30.2
2014-07-05T23:19:14Z,-33.9508390,151.2374510,30.2
2014-07-05T23:19:16Z,-33.9509840,151.2374690,30.2
2014-07-05T23:19:17Z,-33.9510620,151.2374740,30.2
2014-07-05T23:19:18Z,-33.9511360,151.2374650,30.2
2014-07-05T23:19:20Z,-33.9512860,151.2374100,30.2
2014-07-05T23:19:21Z,-33.9513490,151.2373570,30.2
2014-07-05T23:19:23Z,-33.9514470,151.2372060,30.2
2014-07-05T23:19:24Z,-33.9514840,151.2371180,30.2
2014-07-05T23:19:26Z,-33.9515240,151.2369230,30.2
2014-07-05T23:19:28Z,-33.9515420,151.2367150,30.2
2014-07-05T23:19:30Z,-33.9515600,151.2365010,29.8
2014-07-05T23:19:31Z,-33.9515720,151.2363940,29.4
2014-07-05T23:19:32Z,-33.9515840,151.2362870,29.0
2014-07-05T23:19:33Z,-33.9515980,151.2361790,28.4
2014-07-05T23:19:34Z,-33.9516120,151.2360780,28.0
2014-07-05T23:19:36Z,-33.9516390,151.2358760,28.0
2014-07-05T23:19:37Z,-33.9516540,151.2357700,28.0
2014-07-05T23:19:41Z,-33.9516980,151.2353890,28.0
2014-07-05T23:19:47Z,-33.9517580,151.2348140,28.0
2014-07-05T23:19:48Z,-33.9517670,151.2347180,28.0
2014-07-05T23:19:49Z,-33.9517740,151.2346210,28.0
2014-07-05T23:19:50Z,-33.9517860,151.2345280,28.0
2014-07-05T23:19:52Z,-33.9518280,151.2343530,28.0
2014-07-05T23:19:53Z,-33.9518620,151.2342790,28.0
2014-07-05T23:19:54Z,-33.9519250,151.2342370,28.0
2014-07-05T23:19:55Z,-33.9519910,151.2342040,28.0
2014-07-05T23:19:58Z,-33.9522320,151.2342210,28.0
2014-07-05T23:19:59Z,-33.9523170,151.2342360,28.0
2014-07-05T23:20:02Z,-33.9525600,151.2342850,28.0
2014-07-05T23:20:05Z,-33.9527930,151.2343340,28.0
2014-07-05T23:20:06Z,-33.9528630,151.2343530,28.0
2014-07-05T23:20:09Z,-33.9530770,151.2343610,28.0
2014-07-05T23:20:10Z,-33.9531400,151.2343230,28.0
2014-07-05T23:20:13Z,-33.9532320,151.2340880,28.0
2014-07-05T23:20:15Z,-33.9532470,151.2339010,28.0
2014-07-05T23:20:17Z,-33.9532290,151.2337380,28.0
2014-07-05T23:20:18Z,-33.9531960,151.2336760,28.0
2014-07-05T23:20:20Z,-33.9530830,151.2336150,28.0
2014-07-05T23:20:23Z,-33.9528170,151.2335890,28.0
2014-07-05T23:20:30Z,-33.9522080,151.2335070,28.0
2014-07-05T23:20:32Z,-33.9520530,151.2335040,28.0
2014-07-05T23:20:34Z,-33.9519300,151.2335800,28.0
2014-07-05T23:20:36Z,-33.9518730,151.2337390,28.0
2014-07-05T23:20:38Z,-33.9518420,151.2339550,28.0
2014-07-05T23:20:39Z,-33.9518220,151.2340620,28.0
2014-07-05T23:20:40Z,-33.9517830,151.2341640,28.0
2014-07-05T23:20:42Z,-33.9516710,151.2343390,28.0
2014-07-05T23:20:44Z,-33.9514960,151.2344280,27.6
2014-07-05T23:20:45Z,-33.9514020,151.2344460,27.2
2014-07-05T23:20:46Z,-33.9512910,151.2344340,26.8
2014-07-05T23:20:47Z,-33.9511980,151.2344250,26.0
2014-07-05T23:20:48Z,-33.9511050,151.2344160,25.4
2014-07-05T23:20:49Z,-33.9510110,151.2344150,24.6
2014-07-05T23:20:50Z,-33.9509190,151.2344280,24.0
2014-07-05T23:20:51Z,-33.9508350,151.2344520,23.2
2014-07-05T23:20:52Z,-33.9507490,151.2344820,23.2
2014-07-05T23:20:54Z,-33.9505870,151.2345760,23.8
2014-07-05T23:20:55Z,-33.9505120,151.2346380,24.4
2014-07-05T23:20:56Z,-33.9504420,151.2347060,25.0
2014-07-05T23:20:57Z,-33.9503770,151.2347780,25.4
2014-07-05T23:20:58Z,-33.9503190,151.2348570,26.0
2014-07-05T23:21:00Z,-33.9502130,151.2350370,26.0
2014-07-05T23:21:02Z,-33.9500910,151.2351910,26.0
2014-07-05T23:21:04Z,-33.9499540,151.2353210,26.0
2014-07-05T23:21:07Z,-33.9497310,151.2354300,26.4
2014-07-05T23:21:08Z,-33.9496480,151.2354500,27.0
2014-07-05T23:21:09Z,-33.9495660,151.2354630,27.4
2014-07-05T23:21:10Z,-33.9494850,151.2354770,27.8
2014-07-05T23:21:11Z,-33.9494010,151.2354770,28.2
2014-07-05T23:21:12Z,-33.9493140,151.2354730,27.8
2014-07-05T23:21:13Z,-33.9492300,151.2354730,27.4
2014-07-05T23:21:14Z,-33.9491440,151.2354880,26.8
2014-07-05T23:21:15Z,-33.9490620,151.2355170,26.4
2014-07-05T23:21:16Z,-33.9489810,151.2355630,26.0
2014-07-05T23:21:19Z,-33.9487850,151.2357780,26.0
2014-07-05T23:21:24Z,-33.9484810,151.2361680,26.4
2014-07-05T23:21:25Z,-33.9484270,151.2362320,27.0
2014-07-05T23:21:26Z,-33.9483690,151.2363010,27.4
2014-07-05T23:21:27Z,-33.9483180,151.2363660,27.8
2014-07-05T23:21:28Z,-33.9482710,151.2364320,28.4
2014-07-05T23:21:29Z,-33.9482250,151.2364980,29.2
2014-07-05T23:21:30Z,-33.9481790,151.2365620,29.8
2014-07-05T23:21:31Z,-33.9481230,151.2366240,30.4
2014-07-05T23:21:32Z,-33.9480590,151.2366850,31.0
2014-07-05T23:21:33Z,-33.9479780,151.2367380,30.4
2014-07-05T23:21:34Z,-33.9478880,151.2367740,30.0
2014-07-05T23:21:35Z,-33.9477910,151.2367930,29.4
2014-07-05T23:21:36Z,-33.9476950,151.2367950,29.0
2014-07-05T23:21:37Z,-33.9476010,151.2367870,28.6
2014-07-05T23:21:40Z,-33.9473430,151.2367040,28.6
2014-07-05T23:21:41Z,-33.9472770,151.2366360,28.2
2014-07-05T23:21:42Z,-33.9472190,151.2365510,27.6
2014-07-05T23:21:43Z,-33.9471950,151.2364490,27.2
2014-07-05T23:21:44Z,-33.9472100,151.2363310,26.8
2014-07-05T23:21:45Z,-33.9472210,151.2362250,26.4
2014-07-05T23:21:47Z,-33.9472490,151.2360110,26.4
2014-07-05T23:21:48Z,-33.9472640,151.2359090,26.4
2014-07-05T23:21:49Z,-33.9472790,151.2358130,26.4
2014-07-05T23:21:50Z,-33.9472920,151.2357160,26.4
2014-07-05T23:21:52Z,-33.9473000,151.2355180,26.4
2014-07-05T23:21:53Z,-33.9472760,151.2354360,26.4
2014-07-05T23:21:56Z,-33.9470750,151.2353880,27.0
2014-07-05T23:21:57Z,-33.9470120,151.2354380,27.4
2014-07-05T23:21:58Z,-33.9469660,151.2355060,27.8
2014-07-05T23:21:59Z,-33.9469400,151.2355920,28.2
2014-07-05T23:22:00Z,-33.9469300,151.2356840,28.8
2014-07-05T23:22:01Z,-33.9469240,151.2357850,28.8
2014-07-05T23:22:02Z,-33.9469130,151.2358920,28.8
2014-07-05T23:22:06Z,-33.9468860,151.2363370,28.8
2014-07-05T23:22:09Z,-33.9470030,151.2366520,28.8
2014-07-05T23:22:12Z,-33.9472470,151.2368170,28.8
2014-07-05T23:22:13Z,-33.9473490,151.2368400,28.8
2014-07-05T23:22:14Z,-33.9474520,151.2368560,28.8
2014-07-05T23:22:15Z,-33.9475590,151.2368720,28.8
2014-07-05T23:22:16Z,-33.9476660,151.2368870,28.8
2014-07-05T23:22:22Z,-33.9482990,151.2369920,28.8
2014-07-05T23:22:25Z,-33.9486030,151.2370400,28.8
2014-07-05T23:22:31Z,-33.9492100,151.2371470,28.8
2014-07-05T23:22:32Z,-33.9493150,151.2371640,28.8
2014-07-05T23:22:34Z,-33.9495190,151.2372010,28.8
2014-07-05T23:22:40Z,-33.9501150,151.2372930,28.8
2014-07-05T23:22:42Z,-33.9503090,151.2373280,28.8
2014-07-05T23:22:43Z,-33.9504000,151.2373460,28.8
2014-07-05T23:22:49Z,-33.9509580,151.2374240,28.8
2014-07-05T23:22:51Z,-33.9511370,151.2374270,28.8
2014-07-05T23:22:54Z,-33.9513810,151.2372840,28.8
2014-07-05T23:22:57Z,-33.9514990,151.2369850,28.8
2014-07-05T23:23:00Z,-33.9515320,151.2366320,28.8
2014-07-05T23:23:01Z,-33.9515430,151.2365140,28.8
2014-07-05T23:23:02Z,-33.9515530,151.2363940,28.8
2014-07-05T23:23:03Z,-33.9515660,151.2362710,28.8
2014-07-05T23:23:06Z,-33.9516050,151.2359140,28.2
2014-07-05T23:23:07Z,-33.9516160,151.2357960,27.8
2014-07-05T23:23:08Z,-33.9516300,151.2356860,27.4
2014-07-05T23:23:09Z,-33.9516440,151.2355760,26.8
2014-07-05T23:23:10Z,-33.9516590,151.2354630,26.4
2014-07-05T23:23:16Z,-33.9517350,151.2348050,26.4
2014-07-05T23:23:20Z,-33.9517930,151.2343930,26.4
2014-07-05T23:23:21Z,-33.9518330,151.2343000,26.4
2014-07-05T23:23:23Z,-33.9519660,151.2341820,26.4
2014-07-05T23:23:25Z,-33.9521480,151.2341940,26.4
2014-07-05T23:23:26Z,-33.9522390,151.2342150,26.4
2014-07-05T23:23:27Z,-33.9523290,151.2342350,26.4
2014-07-05T23:23:28Z,-33.9524230,151.2342550,26.4
2014-07-05T23:23:30Z,-33.9526140,151.2342870,26.4
2014-07-05T23:23:35Z,-33.9530580,151.2343370,26.4
2014-07-05T23:23:36Z,-33.9531330,151.2343020,26.4
2014-07-05T23:23:38Z,-33.9532160,151.2341290,26.4
2014-07-05T23:23:41Z,-33.9532310,151.2338310,26.4
2014-07-05T23:23:43Z,-33.9531560,151.2336730,26.4
2014-07-05T23:23:45Z,-33.9529830,151.2336230,26.4
2014-07-05T23:23:47Z,-33.9528000,151.2335920,26.4
2014-07-05T23:23:49Z,-33.9525970,151.2335620,26.4
2014-07-05T23:23:55Z,-33.9520320,151.2334670,26.4
2014-07-05T23:23:56Z,-33.9519450,151.2334880,26.4
2014-07-05T23:23:57Z,-33.9519050,151.2335750,26.4
2014-07-05T23:23:58Z,-33.9518700,151.2336750,26.4
2014-07-05T23:23:59Z,-33.9518520,151.2337850,26.4
2014-07-05T23:24:00Z,-33.9518330,151.2339000,26.4
2014-07-05T23:24:01Z,-33.9518110,151.2340160,26.4
2014-07-05T23:24:02Z,-33.9517740,151.2341280,26.4
2014-07-05T23:24:04Z,-33.9516360,151.2342980,26.4
2014-07-05T23:24:07Z,-33.9513370,151.2343910,26.0
2014-07-05T23:24:08Z,-33.9512330,151.2343900,25.6
2014-07-05T23:24:09Z,-33.9511310,151.2343850,25.2
2014-07-05T23:24:10Z,-33.9510240,151.2343850,24.8
2014-07-05T23:24:11Z,-33.9509240,151.2343990,24.4
2014-07-05T23:24:12Z,-33.9508240,151.2344300,24.4
2014-07-05T23:24:13Z,-33.9507280,151.2344720,24.4
2014-07-05T23:24:14Z,-33.9506350,151.2345270,24.4
2014-07-05T23:24:17Z,-33.9503970,151.2347560,24.4
2014-07-05T23:24:19Z,-33.9502640,151.2349490,24.4
2014-07-05T23:24:21Z,-33.9501370,151.2351340,24.4
2014-07-05T23:24:23Z,-33.9499950,151.2352790,24.4
2014-07-05T23:24:25Z,-33.9498370,151.2353770,24.8
2014-07-05T23:24:26Z,-33.9497600,151.2354050,25.2
2014-07-05T23:24:27Z,-33.9496750,151.2354220,25.6
2014-07-05T23:24:28Z,-33.9495920,151.2354280,26.2
2014-07-05T23:24:29Z,-33.9495040,151.2354320,25.6
2014-07-05T23:24:30Z,-33.9494170,151.2354320,25.2
2014-07-05T23:24:31Z,-33.9493280,151.2354310,24.8
2014-07-05T23:24:32Z,-33.9492410,151.2354420,24.2
2014-07-05T23:24:33Z,-33.9491530,151.2354640,24.6
2014-07-05T23:24:34Z,-33.9490650,151.2354980,25.0
2014-07-05T23:24:35Z,-33.9489810,151.2355460,25.2
2014-07-05T23:24:36Z,-33.9489060,151.2356050,25.8
2014-07-05T23:24:37Z,-33.9488390,151.2356800,26.4
2014-07-05T23:24:38Z,-33.9487820,151.2357710,26.8
2014-07-05T23:24:39Z,-33.9487230,151.2358570,26.8
2014-07-05T23:24:40Z,-33.9486650,151.2359400,27.4
2014-07-05T23:24:41Z,-33.9486040,151.2360250,28.0
2014-07-05T23:24:45Z,-33.9483720,151.2363240,28.0
2014-07-05T23:24:46Z,-33.9483210,151.2363910,28.4
2014-07-05T23:24:47Z,-33.9482780,151.2364620,28.8
2014-07-05T23:24:48Z,-33.9482260,151.2365320,29.2
2014-07-05T23:24:49Z,-33.9481680,151.2365980,29.6
2014-07-05T23:24:50Z,-33.9480960,151.2366560,30.0
2014-07-05T23:24:51Z,-33.9480140,151.2367040,29.4
2014-07-05T23:24:52Z,-33.9479220,151.2367420,28.8
2014-07-05T23:24:53Z,-33.9478240,151.2367650,28.0
2014-07-05T23:24:54Z,-33.9477260,151.2367610,27.4
2014-07-05T23:24:55Z,-33.9476340,151.2367490,26.6
2014-07-05T23:24:56Z,-33.9475410,151.2367290,25.8
2014-07-05T23:24:57Z,-33.9474560,151.2366950,25.2
2014-07-05T23:24:58Z,-33.9473740,151.2366470,24.4
2014-07-05T23:24:59Z,-33.9473010,151.2365780,24.4
2014-07-05T23:25:00Z,-33.9472450,151.2365010,24.4
2014-07-05T23:25:01Z,-33.9472160,151.2364010,24.4
2014-07-05T23:25:02Z,-33.9472180,151.2362910,24.4
2014-07-05T23:25:05Z,-33.9472820,151.2359530,24.4
2014-07-05T23:25:06Z,-33.9473090,151.2358440,24.4
2014-07-05T23:25:08Z,-33.9473460,151.2356280,24.8
2014-07-05T23:25:09Z,-33.9473380,151.2355260,25.4
2014-07-05T23:25:10Z,-33.9473210,151.2354270,25.8
2014-07-05T23:25:11Z,-33.9472820,151.2353560,26.2
2014-07-05T23:25:12Z,-33.9472310,151.2353230,26.6
2014-07-05T23:25:13Z,-33.9471440,151.2353590,26.6
2014-07-05T23:25:14Z,-33.9470670,151.2354130,27.0
2014-07-05T23:25:15Z,-33.9470130,151.2354580,27.4
2014-07-05T23:25:16Z,-33.9469940,151.2355450,28.0
2014-07-05T23:25:17Z,-33.9469820,151.2356380,28.4
2014-07-05T23:25:18Z,-33.9469750,151.2357380,28.8
2014-07-05T23:25:19Z,-33.9469650,151.2358340,28.8
2014-07-05T23:25:23Z,-33.9469310,151.2362510,28.8
2014-07-05T23:25:24Z,-33.9469400,151.2363570,28.8
2014-07-05T23:25:26Z,-33.9470010,151.2365720,28.8
2014-07-05T23:25:29Z,-33.9472140,151.2367940,28.8
2014-07-05T23:25:32Z,-33.9474950,151.2368730,28.8
2014-07-05T23:25:33Z,-33.9475890,151.2368850,28.8
2014-07-05T23:25:39Z,-33.9481290,151.2369700,28.8
2014-07-05T23:25:46Z,-33.9487520,151.2370660,28.8
2014-07-05T23:25:49Z,-33.9490260,151.2371060,28.8
2014-07-05T23:25:55Z,-33.9495790,151.2372040,28.8
2014-07-05T23:25:57Z,-33.9497710,151.2372280,28.8
2014-07-05T23:26:00Z,-33.9500420,151.2372700,28.8
2014-07-05T23:26:02Z,-33.9502150,151.2373000,28.8
2014-07-05T23:26:03Z,-33.9503030,151.2373130,28.8
2014-07-05T23:26:05Z,-33.9504770,151.2373480,28.8
2014-07-05T23:26:12Z,-33.9510940,151.2374430,28.8
2014-07-05T23:26:13Z,-33.9511830,151.2374390,28.8
2014-07-05T23:26:16Z,-33.9514310,151.2373030,28.8
2014-07-05T23:26:18Z,-33.9515280,151.2371150,28.8
2014-07-05T23:26:20Z,-33.9515660,151.2369020,28.8
2014-07-05T23:26:21Z,-33.9515770,151.2367860,28.8
2014-07-05T23:26:27Z,-33.9516480,151.2361180,28.8
2014-07-05T23:26:28Z,-33.9516630,151.2360120,28.8
2014-07-05T23:26:31Z,-33.9517120,151.2356890,28.4
2014-07-05T23:26:32Z,-33.9517270,151.2355770,27.8
2014-07-05T23:26:33Z,-33.9517450,151.2354670,27.2
2014-07-05T23:26:34Z,-33.9517580,151.2353650,26.6
2014-07-05T23:26:35Z,-33.9517770,151.2352670,26.0
2014-07-05T23:26:36Z,-33.9517880,151.2351760,26.0
2014-07-05T23:26:43Z,-33.9518390,151.2344530,26.0
2014-07-05T23:26:44Z,-33.9518650,151.2343690,26.0
2014-07-05T23:26:45Z,-33.9519120,151.2342920,26.6
2014-07-05T23:26:46Z,-33.9519860,151.2342440,27.0
2014-07-05T23:26:47Z,-33.9520340,151.2342200,27.6
2014-07-05T23:26:48Z,-33.9521350,151.2342230,28.0
2014-07-05T23:26:49Z,-33.9522250,151.2342400,28.4
2014-07-05T23:26:55Z,-33.9527650,151.2343400,28.4
2014-07-05T23:26:56Z,-33.9528510,151.2343590,28.4
2014-07-05T23:26:58Z,-33.9530260,151.2343710,28.4
2014-07-05T23:26:59Z,-33.9531100,151.2343400,28.4
2014-07-05T23:27:00Z,-33.9531730,151.2342710,28.4
2014-07-05T23:27:02Z,-33.9532350,151.2340780,28.4
2014-07-05T23:27:05Z,-33.9532120,151.2337660,28.4
2014-07-05T23:27:06Z,-33.9531560,151.2336910,28.4
2014-07-05T23:27:07Z,-33.9530770,151.2336480,28.4
2014-07-05T23:27:10Z,-33.9527880,151.2336040,28.4
2014-07-05T23:27:12Z,-33.9525850,151.2335810,28.0
2014-07-05T23:27:13Z,-33.9524880,151.2335640,27.4
2014-07-05T23:27:14Z,-33.9523960,151.2335450,26.6
2014-07-05T23:27:15Z,-33.9523080,151.2335250,25.8
2014-07-05T23:27:16Z,-33.9522220,151.2335060,25.0
2014-07-05T23:27:17Z,-33.9521420,151.2334930,24.2
2014-07-05T23:27:18Z,-33.9520630,151.2334920,24.8
2014-07-05T23:27:19Z,-33.9519790,151.2335120,25.2
2014-07-05T23:27:20Z,-33.9519110,151.2335710,25.6
2014-07-05T23:27:21Z,-33.9518710,151.2336500,26.0
2014-07-05T23:27:22Z,-33.9518370,151.2337480,26.4
2014-07-05T23:27:25Z,-33.9517870,151.2341020,26.4
2014-07-05T23:27:28Z,-33.9516070,151.2343940,26.0
2014-07-05T23:27:29Z,-33.9515220,151.2344520,25.4
2014-07-05T23:27:30Z,-33.9514300,151.2344870,25.0
2014-07-05T23:27:31Z,-33.9513330,151.2345040,24.6
2014-07-05T23:27:32Z,-33.9512250,151.2344990,24.0
2014-07-05T23:27:33Z,-33.9510950,151.2344440,24.0
2014-07-05T23:27:37Z,-33.9507060,151.2345260,24.0
2014-07-05T23:27:40Z,-33.9504580,151.2347050,24.0
2014-07-05T23:27:41Z,-33.9503830,151.2347780,24.0
2014-07-05T23:27:42Z,-33.9503180,151.2348570,24.0
2014-07-05T23:27:44Z,-33.9501980,151.2350300,24.0
2014-07-05T23:27:45Z,-33.9501410,151.2351160,24.6
2014-07-05T23:27:46Z,-33.9500790,151.2351960,25.0
2014-07-05T23:27:47Z,-33.9500100,151.2352670,25.4
2014-07-05T23:27:48Z,-33.9499360,151.2353250,26.0
2014-07-05T23:27:49Z,-33.9498630,151.2353700,26.4
2014-07-05T23:27:53Z,-33.9495490,151.2354760,26.4
2014-07-05T23:27:55Z,-33.9493650,151.2354850,26.0
2014-07-05T23:27:56Z,-33.9492630,151.2354840,25.6
2014-07-05T23:27:57Z,-33.9491650,151.2354880,25.0
2014-07-05T23:27:58Z,-33.9490700,151.2355070,24.6
2014-07-05T23:27:59Z,-33.9489740,151.2355410,24.2
2014-07-05T23:28:00Z,-33.9489040,151.2356150,24.2
2014-07-05T23:28:01Z,-33.9488360,151.2356930,24.6
2014-07-05T23:28:02Z,-33.9487710,151.2357760,25.2
2014-07-05T23:28:03Z,-33.9487060,151.2358570,25.6
2014-07-05T23:28:04Z,-33.9486420,151.2359410,26.0
2014-07-05T23:28:05Z,-33.9485820,151.2360240,26.6
2014-07-05T23:28:10Z,-33.9482930,151.2364020,27.2
2014-07-05T23:28:11Z,-33.9482420,151.2364690,27.8
2014-07-05T23:28:12Z,-33.9481950,151.2365340,28.4
2014-07-05T23:28:13Z,-33.9481450,151.2365980,29.0
2014-07-05T23:28:14Z,-33.9480830,151.2366590,29.4
2014-07-05T23:28:15Z,-33.9480110,151.2367180,29.4
2014-07-05T23:28:17Z,-33.9478410,151.2367980,28.8
2014-07-05T23:28:18Z,-33.9477440,151.2368050,28.2
2014-07-05T23:28:19Z,-33.9476360,151.2367850,27.4
2014-07-05T23:28:20Z,-33.9475440,151.2367680,26.8
2014-07-05T23:28:21Z,-33.9474520,151.2367440,26.0
2014-07-05T23:28:22Z,-33.9473590,151.2367060,26.0
2014-07-05T23:28:23Z,-33.9472850,151.2366400,25.6
2014-07-05T23:28:24Z,-33.9472320,151.2365560,25.2
2014-07-05T23:28:25Z,-33.9472100,151.2364470,24.8
2014-07-05T23:28:26Z,-33.9472000,151.2363400,24.4
2014-07-05T23:28:27Z,-33.9472110,151.2362360,24.0
2014-07-05T23:28:29Z,-33.9472480,151.2360210,24.0
2014-07-05T23:28:30Z,-33.9472610,151.2359120,24.0
2014-07-05T23:28:31Z,-33.9472710,151.2358040,24.0
2014-07-05T23:28:32Z,-33.9472820,151.2356980,24.0
2014-07-05T23:28:33Z,-33.9472870,151.2355920,24.0
2014-07-05T23:28:34Z,-33.9472720,151.2354900,24.4
2014-07-05T23:28:35Z,-33.9472450,151.2354100,25.0
2014-07-05T23:28:36Z,-33.9472050,151.2353510,25.4
2014-07-05T23:28:37Z,-33.9471510,151.2353220,26.0
2014-07-05T23:28:38Z,-33.9470710,151.2353720,26.4
2014-07-05T23:28:39Z,-33.9470050,151.2354430,27.0
2014-07-05T23:28:40Z,-33.9469610,151.2355240,27.4
2014-07-05T23:28:41Z,-33.9469370,151.2356300,28.0
2014-07-05T23:28:42Z,-33.9469220,151.2357340,28.6
2014-07-05T23:28:43Z,-33.9469070,151.2358420,28.6
2014-07-05T23:28:47Z,-33.9468710,151.2362980,28.6
2014-07-05T23:28:50Z,-33.9469680,151.2366320,28.6
2014-07-05T23:28:53Z,-33.9471970,151.2368370,28.6
2014-07-05T23:28:56Z,-33.9474880,151.2368980,28.6
2014-07-05T23:29:02Z,-33.9480330,151.2369750,28.6
2014-07-05T23:29:05Z,-33.9483030,151.2370200,28.6
2014-07-05T23:29:09Z,-33.9486680,151.2370960,28.6
2014-07-05T23:29:14Z,-33.9491360,151.2371730,28.6
2014-07-05T23:29:16Z,-33.9493190,151.2371980,29.0
2014-07-05T23:29:17Z,-33.9494110,151.2372140,29.4
2014-07-05T23:29:18Z,-33.9495010,151.2372290,29.8
2014-07-05T23:29:19Z,-33.9495940,151.2372430,30.2
2014-07-05T23:29:20Z,-33.9496870,151.2372530,30.6
2014-07-05T23:29:23Z,-33.9499570,151.2372940,30.6
2014-07-05T23:29:27Z,-33.9503270,151.2373510,30.6
2014-07-05T23:29:28Z,-33.9504210,151.2373660,30.0
2014-07-05T23:29:29Z,-33.9505150,151.2373810,29.6
2014-07-05T23:29:30Z,-33.9506120,151.2373980,29.0
2014-07-05T23:29:31Z,-33.9507090,151.2374130,28.6
2014-07-05T23:29:32Z,-33.9508060,151.2374230,28.0
2014-07-05T23:29:33Z,-33.9509050,151.2374310,28.4
2014-07-05T23:29:34Z,-33.9510000,151.2374380,28.8
2014-07-05T23:29:35Z,-33.9510940,151.2374400,29.4
2014-07-05T23:29:36Z,-33.9511840,151.2374280,29.8
2014-07-05T23:29:37Z,-33.9512760,151.2373960,30.2
2014-07-05T23:29:39Z,-33.9514190,151.2372600,30.2
2014-07-05T23:29:40Z,-33.9514690,151.2371660,30.2
2014-07-05T23:29:41Z,-33.9515110,151.2370580,29.8
2014-07-05T23:29:42Z,-33.9515210,151.2369290,29.2
2014-07-05T23:29:43Z,-33.9515370,151.2368060,28.8
2014-07-05T23:29:44Z,-33.9515480,151.2366820,28.2
2014-07-05T23:29:45Z,-33.9515510,151.2365660,27.8
2014-07-05T23:29:48Z,-33.9515890,151.2361990,27.8
2014-07-05T23:29:54Z,-33.9516630,151.2355090,27.8
2014-07-05T23:29:55Z,-33.9516790,151.2353930,27.8
2014-07-05T23:30:00Z,-33.9517510,151.2348430,27.8
2014-07-05T23:30:02Z,-33.9517830,151.2346260,27.8
2014-07-05T23:30:04Z,-33.9518300,151.2344190,27.8
2014-07-05T23:30:06Z,-33.9519030,151.2342490,27.8
2014-07-05T23:30:08Z,-33.9520500,151.2342000,27.8
2014-07-05T23:30:12Z,-33.9523860,151.2342430,27.8
2014-07-05T23:30:19Z,-33.9529950,151.2343620,27.8
2014-07-05T23:30:20Z,-33.9530830,151.2343480,27.8
2014-07-05T23:30:22Z,-33.9531990,151.2342100,27.8
2014-07-05T23:30:25Z,-33.9532500,151.2338970,27.8
2014-07-05T23:30:28Z,-33.9531620,151.2336470,27.8
2014-07-05T23:30:30Z,-33.9529450,151.2336360,27.8
2014-07-05T23:30:31Z,-33.9528540,151.2336230,27.8
2014-07-05T23:30:32Z,-33.9527650,151.2336090,27.4
2014-07-05T23:30:33Z,-33.9526780,151.2335970,26.4
2014-07-05T23:30:35Z,-33.9525100,151.2335690,25.8
2014-07-05T23:30:36Z,-33.9524290,151.2335580,25.4
2014-07-05T23:30:38Z,-33.9522730,151.2335280,25.4
2014-07-05T23:30:41Z,-33.9520210,151.2334870,25.4
2014-07-05T23:30:43Z,-33.9518890,151.2335720,25.4
2014-07-05T23:30:45Z,-33.9518300,151.2337560,25.4
2014-07-05T23:30:50Z,-33.9517370,151.2342680,25.4
2014-07-05T23:30:51Z,-33.9516830,151.2343550,25.4
2014-07-05T23:30:54Z,-33.9514040,151.2344400,25.4
2014-07-05T23:30:58Z,-33.9510160,151.2344300,25.4
2014-07-05T23:30:59Z,-33.9509150,151.2344440,25.4
2014-07-05T23:31:01Z,-33.9507140,151.2345150,25.4
2014-07-05T23:31:03Z,-33.9505120,151.2346380,24.8
2014-07-05T23:31:04Z,-33.9504270,151.2347210,24.4
2014-07-05T23:31:05Z,-33.9503470,151.2348150,24.0
2014-07-05T23:31:06Z,-33.9502800,151.2349140,23.4
2014-07-05T23:31:07Z,-33.9502130,151.2350190,23.0
2014-07-05T23:31:08Z,-33.9501470,151.2351210,23.0
2014-07-05T23:31:09Z,-33.9500700,151.2352100,23.0
2014-07-05T23:31:10Z,-33.9499890,151.2352880,23.4
2014-07-05T23:31:11Z,-33.9499050,151.2353530,23.8
2014-07-05T23:31:12Z,-33.9498190,151.2354030,24.4
2014-07-05T23:31:13Z,-33.9497250,151.2354370,25.0
2014-07-05T23:31:14Z,-33.9496370,151.2354570,25.6
2014-07-05T23:31:15Z,-33.9495410,151.2354710,26.4
2014-07-05T23:31:16Z,-33.9494360,151.2354770,25.6
2014-07-05T23:31:17Z,-33.9493260,151.2354730,24.6
2014-07-05T23:31:18Z,-33.9492190,151.2354800,23.6
2014-07-05T23:31:19Z,-33.9491160,151.2354950,22.6
2014-07-05T23:31:20Z,-33.9490200,151.2355340,22.8
2014-07-05T23:31:21Z,-33.9489290,151.2355960,23.0
2014-07-05T23:31:22Z,-33.9488510,151.2356720,23.0
2014-07-05T23:31:23Z,-33.9487860,151.2357550,23.6
2014-07-05T23:31:24Z,-33.9487190,151.2358500,24.0
2014-07-05T23:31:25Z,-33.9486510,151.2359410,24.6
2014-07-05T23:31:26Z,-33.9485860,151.2360280,25.0
2014-07-05T23:31:27Z,-33.9485170,151.2361160,25.6
2014-07-05T23:31:31Z,-33.9482600,151.2364280,26.2
2014-07-05T23:31:32Z,-33.9482010,151.2364990,26.8
2014-07-05T23:31:33Z,-33.9481390,151.2365650,27.4
2014-07-05T23:31:34Z,-33.9480750,151.2366350,28.0
2014-07-05T23:31:35Z,-33.9480100,151.2367000,28.6
2014-07-05T23:31:36Z,-33.9479220,151.2367460,28.2
2014-07-05T23:31:37Z,-33.9478260,151.2367880,27.6
2014-07-05T23:31:38Z,-33.9477240,151.2367990,27.0
2014-07-05T23:31:39Z,-33.9476230,151.2367930,26.2
2014-07-05T23:31:40Z,-33.9475170,151.2367680,25.6
2014-07-05T23:31:41Z,-33.9474280,151.2367460,25.0
2014-07-05T23:31:42Z,-33.9473430,151.2366980,24.2
2014-07-05T23:31:43Z,-33.9472790,151.2366190,24.2
2014-07-05T23:31:46Z,-33.9471590,151.2363350,24.6
2014-07-05T23:31:47Z,-33.9471710,151.2362310,25.0
2014-07-05T23:31:48Z,-33.9471900,151.2361230,25.4
2014-07-05T23:31:49Z,-33.9472200,151.2360130,25.8
2014-07-05T23:31:50Z,-33.9472420,151.2359070,26.4
2014-07-05T23:31:52Z,-33.9472810,151.2356870,26.4
2014-07-05T23:31:53Z,-33.9472930,151.2355770,26.4
2014-07-05T23:31:54Z,-33.9472810,151.2354750,26.4
2014-07-05T23:31:55Z,-33.9472660,151.2353760,26.4
2014-07-05T23:31:57Z,-33.9471590,151.2353190,26.4
2014-07-05T23:31:59Z,-33.9470060,151.2354740,26.8
2014-07-05T23:32:00Z,-33.9469710,151.2355550,27.4
2014-07-05T23:32:01Z,-33.9469450,151.2356490,28.0
2014-07-05T23:32:02Z,-33.9469330,151.2357480,28.4
2014-07-05T23:32:03Z,-33.9469230,151.2358540,29.0
2014-07-05T23:32:04Z,-33.9469130,151.2359610,29.0
2014-07-05T23:32:07Z,-33.9468900,151.2363040,29.0
2014-07-05T23:32:08Z,-33.9468990,151.2364270,29.0
2014-07-05T23:32:10Z,-33.9469680,151.2366500,29.0
2014-07-05T23:32:13Z,-33.9472120,151.2368530,29.0
2014-07-05T23:32:16Z,-33.9475080,151.2368970,29.0
2014-07-05T23:32:23Z,-33.9481190,151.2370080,29.0
2014-07-05T23:32:29Z,-33.9486630,151.2370900,29.0
2014-07-05T23:32:31Z,-33.9488380,151.2371160,29.0
2014-07-05T23:32:38Z,-33.9494260,151.2372080,29.0
2014-07-05T23:32:41Z,-33.9496840,151.2372400,29.0
2014-07-05T23:32:47Z,-33.9501960,151.2373110,29.0
2014-07-05T23:32:48Z,-33.9502740,151.2373200,29.0
2014-07-05T23:32:50Z,-33.9504420,151.2373390,29.0
2014-07-05T23:32:51Z,-33.9505180,151.2373500,29.0
2014-07-05T23:32:52Z,-33.9505940,151.2373690,29.0
2014-07-05T23:32:54Z,-33.9507500,151.2374040,29.0
2014-07-05T23:32:56Z,-33.9509450,151.2374140,29.0
2014-07-05T23:32:59Z,-33.9511410,151.2374250,29.0
2014-07-05T23:33:01Z,-33.9512910,151.2373950,29.0
2014-07-05T23:33:03Z,-33.9514230,151.2372970,29.0
2014-07-05T23:33:05Z,-33.9515160,151.2371470,28.4
2014-07-05T23:33:06Z,-33.9515460,151.2370580,27.8
2014-07-05T23:33:07Z,-33.9515640,151.2369660,27.2
2014-07-05T23:33:08Z,-33.9515730,151.2368720,26.6
2014-07-05T23:33:09Z,-33.9515760,151.2367780,26.0
2014-07-05T23:33:10Z,-33.9515790,151.2366870,26.0
2014-07-05T23:33:13Z,-33.9516050,151.2364070,26.0
2014-07-05T23:33:16Z,-33.9516500,151.2361250,26.0
2014-07-05T23:33:23Z,-33.9517080,151.2354770,26.0
2014-07-05T23:33:25Z,-33.9517330,151.2352830,26.0
2014-07-05T23:33:32Z,-33.9518200,151.2346310,26.0
2014-07-05T23:33:35Z,-33.9518580,151.2343610,26.0
2014-07-05T23:33:38Z,-33.9519870,151.2341590,26.0
2014-07-05T23:33:39Z,-33.9520550,151.2341280,26.4
2014-07-05T23:33:40Z,-33.9521340,151.2341370,26.8
2014-07-05T23:33:41Z,-33.9522090,151.2341470,27.2
2014-07-05T23:33:42Z,-33.9522800,151.2341590,27.6
2014-07-05T23:33:43Z,-33.9523520,151.2341780,28.0
2014-07-05T23:33:44Z,-33.9524250,151.2341850,28.0
2014-07-05T23:33:46Z,-33.9525730,151.2342260,28.0
2014-07-05T23:33:53Z,-33.9530990,151.2343150,28.0
2014-07-05T23:33:54Z,-33.9531760,151.2342900,28.0
2014-07-05T23:33:56Z,-33.9532430,151.2341180,28.0
2014-07-05T23:33:59Z,-33.9532570,151.2338420,28.0
2014-07-05T23:34:00Z,-33.9532520,151.2337540,27.4
2014-07-05T23:34:01Z,-33.9532290,151.2336700,27.0
2014-07-05T23:34:02Z,-33.9531840,151.2336060,26.6
2014-07-05T23:34:03Z,-33.9530710,151.2336090,26.0
2014-07-05T23:34:04Z,-33.9529860,151.2335960,25.6
2014-07-05T23:34:06Z,-33.9528090,151.2335740,25.6
2014-07-05T23:34:09Z,-33.9525590,151.2335350,25.6
2014-07-05T23:34:15Z,-33.9520570,151.2334810,25.6
2014-07-05T23:34:16Z,-33.9519740,151.2335130,25.6
2014-07-05T23:34:18Z,-33.9518870,151.2336820,25.6
2014-07-05T23:34:21Z,-33.9518520,151.2340100,25.6
2014-07-05T23:34:22Z,-33.9518360,151.2341080,25.6
2014-07-05T23:34:27Z,-33.9515540,151.2344930,25.6
2014-07-05T23:34:28Z,-33.9514230,151.2344530,25.6
2014-07-05T23:34:29Z,-33.9513320,151.2344530,25.6
2014-07-05T23:34:33Z,-33.9509650,151.2344290,25.6
2014-07-05T23:34:37Z,-33.9506300,151.2345590,25.6
2014-07-05T23:34:41Z,-33.9503610,151.2348160,25.6
2014-07-05T23:34:42Z,-33.9503040,151.2348950,25.6
2014-07-05T23:34:46Z,-33.9500740,151.2351990,25.6
2014-07-05T23:34:47Z,-33.9500030,151.2352620,25.6
2014-07-05T23:34:51Z,-33.9496950,151.2354160,25.6
2014-07-05T23:34:55Z,-33.9493460,151.2354500,24.8
2014-07-05T23:34:56Z,-33.9492500,151.2354560,24.2
2014-07-05T23:34:57Z,-33.9491560,151.2354690,23.6
2014-07-05T23:34:58Z,-33.9490680,151.2355000,23.8
2014-07-05T23:34:59Z,-33.9489830,151.2355410,24.0
2014-07-05T23:35:00Z,-33.9489070,151.2355960,24.2
2014-07-05T23:35:01Z,-33.9488400,151.2356600,24.4
2014-07-05T23:35:02Z,-33.9487810,151.2357340,24.6
2014-07-05T23:35:03Z,-33.9487290,151.2358230,24.6
2014-07-05T23:35:04Z,-33.9486730,151.2358990,24.6
2014-07-05T23:35:08Z,-33.9484500,151.2361880,25.0
2014-07-05T23:35:09Z,-33.9483990,151.2362530,25.4
2014-07-05T23:35:10Z,-33.9483470,151.2363200,25.8
2014-07-05T23:35:11Z,-33.9482950,151.2363860,26.6
2014-07-05T23:35:12Z,-33.9482450,151.2364510,27.4
2014-07-05T23:35:13Z,-33.9481950,151.2365120,28.2
2014-07-05T23:35:14Z,-33.9481430,151.2365820,29.0
2014-07-05T23:35:15Z,-33.9480900,151.2366450,29.8
2014-07-05T23:35:16Z,-33.9480170,151.2367000,29.4
2014-07-05T23:35:17Z,-33.9479360,151.2367530,29.0
2014-07-05T23:35:18Z,-33.9478540,151.2367870,28.2
2014-07-05T23:35:19Z,-33.9477430,151.2367580,27.2
2014-07-05T23:35:20Z,-33.9476480,151.2367430,26.4
2014-07-05T23:35:21Z,-33.9475580,151.2367270,25.4
2014-07-05T23:35:22Z,-33.9474700,151.2367060,24.6
2014-07-05T23:35:23Z,-33.9473960,151.2366710,24.6
2014-07-05T23:35:24Z,-33.9473260,151.2366210,24.6
2014-07-05T23:35:27Z,-33.9472280,151.2363620,24.6
2014-07-05T23:35:30Z,-33.9472830,151.2360720,24.6
2014-07-05T23:35:31Z,-33.9473000,151.2359770,24.6
2014-07-05T23:35:35Z,-33.9473500,151.2356110,24.6
2014-07-05T23:35:36Z,-33.9473410,151.2355200,24.6
2014-07-05T23:35:37Z,-33.9473120,151.2354360,24.6
2014-07-05T23:35:40Z,-33.9471130,151.2353560,24.6
2014-07-05T23:35:41Z,-33.9470540,151.2353820,25.2
2014-07-05T23:35:42Z,-33.9469950,151.2354150,25.8
2014-07-05T23:35:43Z,-33.9469670,151.2354870,26.4
2014-07-05T23:35:44Z,-33.9469520,151.2355660,27.2
2014-07-05T23:35:45Z,-33.9469430,151.2356500,27.8
2014-07-05T23:35:46Z,-33.9469380,151.2357360,28.4
2014-07-05T23:35:47Z,-33.9469260,151.2358290,29.2
2014-07-05T23:35:48Z,-33.9469160,151.2359180,29.8
2014-07-05T23:35:52Z,-33.9468890,151.2363330,29.8
2014-07-05T23:35:54Z,-33.9469380,151.2365370,29.4
2014-07-05T23:35:55Z,-33.9469810,151.2366320,29.0
2014-07-05T23:35:56Z,-33.9470390,151.2367190,28.6
2014-07-05T23:35:57Z,-33.9471040,151.2367940,28.2
2014-07-05T23:35:58Z,-33.9471860,151.2368370,27.6
2014-07-05T23:36:01Z,-33.9474590,151.2368990,27.6
2014-07-05T23:36:02Z,-33.9475490,151.2369120,27.6
2014-07-05T23:36:07Z,-33.9479620,151.2369670,27.6
2014-07-05T23:36:14Z,-33.9485740,151.2370460,27.6
2014-07-05T23:36:15Z,-33.9486600,151.2370590,27.6
2014-07-05T23:36:22Z,-33.9492760,151.2371670,27.6
2014-07-05T23:36:23Z,-33.9493670,151.2371810,28.2
2014-07-05T23:36:24Z,-33.9494540,151.2371950,28.6
2014-07-05T23:36:25Z,-33.9495430,151.2372090,29.0
2014-07-05T23:36:26Z,-33.9496340,151.2372250,29.4
2014-07-05T23:36:27Z,-33.9497290,151.2372410,29.8
2014-07-05T23:36:33Z,-33.9502730,151.2373300,29.8
2014-07-05T23:36:35Z,-33.9504500,151.2373590,29.4
2014-07-05T23:36:36Z,-33.9505390,151.2373760,29.0
2014-07-05T23:36:37Z,-33.9506280,151.2373900,28.6
2014-07-05T23:36:38Z,-33.9507140,151.2373990,28.2
2014-07-05T23:36:39Z,-33.9508010,151.2374100,28.6
2014-07-05T23:36:40Z,-33.9508900,151.2374220,29.0
2014-07-05T23:36:41Z,-33.9509770,151.2374270,29.4
2014-07-05T23:36:42Z,-33.9510600,151.2374280,29.8
2014-07-05T23:36:43Z,-33.9511550,151.2374330,30.2
2014-07-05T23:36:45Z,-33.9513280,151.2373940,30.2
2014-07-05T23:36:48Z,-33.9515190,151.2371800,30.2
2014-07-05T23:36:51Z,-33.9515890,151.2368640,30.2
2014-07-05T23:36:53Z,-33.9516030,151.2366490,30.2
2014-07-05T23:36:54Z,-33.9516160,151.2365490,29.8
2014-07-05T23:36:55Z,-33.9516300,151.2364380,29.4
2014-07-05T23:36:56Z,-33.9516400,151.2363320,29.0
2014-07-05T23:36:57Z,-33.9516500,151.2362200,28.4
2014-07-05T23:36:58Z,-33.9516610,151.2361110,28.0
2014-07-05T23:37:04Z,-33.9517240,151.2354910,28.0
2014-07-05T23:37:11Z,-33.9517890,151.2347750,28.0
2014-07-05T23:37:12Z,-33.9517980,151.2346840,28.0
2014-07-05T23:37:15Z,-33.9518490,151.2344040,28.0
2014-07-05T23:37:17Z,-33.9519230,151.2342350,28.0
2014-07-05T23:37:19Z,-33.9520770,151.2341720,28.0
2014-07-05T23:37:21Z,-33.9521590,151.2341840,28.0
2014-07-05T23:37:22Z,-33.9522420,151.2341970,28.0
2014-07-05T23:37:23Z,-33.9524080,151.2342230,28.0
2014-07-05T23:37:30Z,-33.9529640,151.2343210,28.0
2014-07-05T23:37:32Z,-33.9531240,151.2343200,28.0
2014-07-05T23:37:34Z,-33.9532320,151.2341970,28.0
2014-07-05T23:37:36Z,-33.9532610,151.2340100,28.0
2014-07-05T23:37:40Z,-33.9532100,151.2336630,28.0
2014-07-05T23:37:42Z,-33.9530860,151.2335840,28.0
2014-07-05T23:37:44Z,-33.9528960,151.2335820,28.0
2014-07-05T23:37:47Z,-33.9526500,151.2335450,27.6
2014-07-05T23:37:48Z,-33.9525650,151.2335350,27.0
2014-07-05T23:37:49Z,-33.9524840,151.2335220,26.6
2014-07-05T23:37:50Z,-33.9523970,151.2335100,26.0
2014-07-05T23:37:51Z,-33.9523140,151.2334990,25.6
2014-07-05T23:37:54Z,-33.9520560,151.2334860,25.6
2014-07-05T23:37:57Z,-33.9518730,151.2336770,25.6
2014-07-05T23:38:00Z,-33.9518310,151.2339850,25.6
2014-07-05T23:38:02Z,-33.9517780,151.2341820,25.6
2014-07-05T23:38:04Z,-33.9516690,151.2343510,25.6
2014-07-05T23:38:06Z,-33.9515040,151.2344190,25.6
2014-07-05T23:38:09Z,-33.9512670,151.2344370,25.6
2014-07-05T23:38:10Z,-33.9511840,151.2344320,25.6
2014-07-05T23:38:12Z,-33.9510090,151.2344350,25.2
2014-07-05T23:38:13Z,-33.9509250,151.2344520,24.8
2014-07-05T23:38:14Z,-33.9508400,151.2344790,24.2
2014-07-05T23:38:15Z,-33.9507600,151.2345110,23.8
2014-07-05T23:38:16Z,-33.9506850,151.2345500,23.4
2014-07-05T23:38:18Z,-33.9505390,151.2346540,23.8
2014-07-05T23:38:19Z,-33.9504680,151.2347200,24.4
2014-07-05T23:38:20Z,-33.9504070,151.2347880,24.8
2014-07-05T23:38:21Z,-33.9503540,151.2348640,25.4
2014-07-05T23:38:22Z,-33.9502980,151.2349430,25.8
2014-07-05T23:38:26Z,-33.9500610,151.2352450,25.8
2014-07-05T23:38:27Z,-33.9499940,151.2353010,25.8
2014-07-05T23:38:31Z,-33.9496910,151.2354300,25.8
2014-07-05T23:38:32Z,-33.9496070,151.2354520,25.8
2014-07-05T23:38:35Z,-33.9493420,151.2354520,25.8
2014-07-05T23:38:37Z,-33.9491510,151.2354790,25.8
2014-07-05T23:38:39Z,-33.9489820,151.2355570,25.8
2014-07-05T23:38:42Z,-33.9488030,151.2357450,25.8
2014-07-05T23:38:43Z,-33.9487460,151.2358130,25.8
2014-07-05T23:38:49Z,-33.9484350,151.2362670,26.4
2014-07-05T23:38:50Z,-33.9483860,151.2363330,26.8
2014-07-05T23:38:51Z,-33.9483380,151.2364020,27.2
2014-07-05T23:38:52Z,-33.9482920,151.2364670,27.8
2014-07-05T23:38:53Z,-33.9482430,151.2365260,28.2
2014-07-05T23:38:54Z,-33.9481940,151.2365860,28.8
2014-07-05T23:38:55Z,-33.9481380,151.2366510,29.2
2014-07-05T23:38:56Z,-33.9480790,151.2367070,29.8
2014-07-05T23:38:57Z,-33.9480100,151.2367600,29.2
2014-07-05T23:38:58Z,-33.9479330,151.2368050,28.6
2014-07-05T23:38:59Z,-33.9478520,151.2368380,27.8
2014-07-05T23:39:00Z,-33.9477670,151.2368450,27.0
2014-07-05T23:39:01Z,-33.9476850,151.2368310,26.2
2014-07-05T23:39:02Z,-33.9476050,151.2368110,25.4
2014-07-05T23:39:03Z,-33.9475220,151.2367420,24.8
2014-07-05T23:39:06Z,-33.9472850,151.2365360,24.8
2014-07-05T23:39:08Z,-33.9472710,151.2363490,24.8
2014-07-05T23:39:11Z,-33.9472810,151.2360430,24.8
2014-07-05T23:39:17Z,-33.9473240,151.2355000,24.8
2014-07-05T23:39:18Z,-33.9473060,151.2354110,24.8
2014-07-05T23:39:20Z,-33.9472000,151.2353150,25.2
2014-07-05T23:39:21Z,-33.9471060,151.2353430,26.0
2014-07-05T23:39:22Z,-33.9470340,151.2353730,26.8
2014-07-05T23:39:23Z,-33.9469980,151.2354490,27.6
2014-07-05T23:39:24Z,-33.9469650,151.2355310,28.4
2014-07-05T23:39:25Z,-33.9469530,151.2356190,29.2
2014-07-05T23:39:26Z,-33.9469470,151.2357130,29.6
2014-07-05T23:39:27Z,-33.9469420,151.2358080,30.2
2014-07-05T23:39:28Z,-33.9469340,151.2359040,30.6
2014-07-05T23:39:29Z,-33.9469210,151.2360020,31.0
2014-07-05T23:39:30Z,-33.9469050,151.2361040,30.6
2014-07-05T23:39:31Z,-33.9468980,151.2362070,30.2
2014-07-05T23:39:32Z,-33.9469030,151.2363220,29.8
2014-07-05T23:39:33Z,-33.9469150,151.2364340,29.4
2014-07-05T23:39:34Z,-33.9469400,151.2365390,29.0
2014-07-05T23:39:35Z,-33.9469900,151.2366400,29.0
2014-07-05T23:39:38Z,-33.9472060,151.2368460,29.0
2014-07-05T23:39:41Z,-33.9474920,151.2368870,29.0
2014-07-05T23:39:43Z,-33.9476760,151.2369050,29.0
2014-07-05T23:39:47Z,-33.9480380,151.2369720,29.0
2014-07-05T23:39:53Z,-33.9485930,151.2370610,29.0
2014-07-05T23:39:55Z,-33.9487730,151.2370750,29.0
2014-07-05T23:40:02Z,-33.9493860,151.2371870,29.0
2014-07-05T23:40:04Z,-33.9495670,151.2372150,29.0
2014-07-05T23:40:11Z,-33.9501900,151.2373100,29.0
2014-07-05T23:40:12Z,-33.9502770,151.2373320,29.0
2014-07-05T23:40:13Z,-33.9503610,151.2373520,29.0
2014-07-05T23:40:19Z,-33.9508840,151.2374250,29.6
2014-07-05T23:40:20Z,-33.9509720,151.2374290,30.0
2014-07-05T23:40:21Z,-33.9510550,151.2374400,30.4
2014-07-05T23:40:22Z,-33.9511420,151.2374530,30.8
2014-07-05T23:40:23Z,-33.9512310,151.2374540,31.4
2014-07-05T23:40:24Z,-33.9513070,151.2374320,31.4
2014-07-05T23:40:25Z,-33.9513800,151.2373970,31.4
2014-07-05T23:40:26Z,-33.9514330,151.2373180,30.8
2014-07-05T23:40:27Z,-33.9514790,151.2372350,30.2
2014-07-05T23:40:28Z,-33.9515200,151.2371450,29.6
2014-07-05T23:40:30Z,-33.9515670,151.2369290,28.6
2014-07-05T23:40:31Z,-33.9515740,151.2368260,28.0
2014-07-05T23:40:32Z,-33.9515810,151.2367260,28.0
2014-07-05T23:40:33Z,-33.9515920,151.2366240,27.6
2014-07-05T23:40:34Z,-33.9516010,151.2365300,27.2
2014-07-05T23:40:35Z,-33.9516090,151.2364330,26.8
2014-07-05T23:40:36Z,-33.9516160,151.2363390,26.2
2014-07-05T23:40:43Z,-33.9516820,151.2356330,26.2
2014-07-05T23:40:50Z,-33.9517500,151.2349230,26.2
2014-07-05T23:40:56Z,-33.9518550,151.2343180,26.2
2014-07-05T23:40:57Z,-33.9518970,151.2342330,26.2
2014-07-05T23:40:59Z,-33.9520460,151.2341720,26.2
2014-07-05T23:41:02Z,-33.9522900,151.2342150,26.2
2014-07-05T23:41:03Z,-33.9523700,151.2342300,26.2
2014-07-05T23:41:07Z,-33.9527010,151.2343000,26.8
2014-07-05T23:41:08Z,-33.9527830,151.2343180,27.2
2014-07-05T23:41:09Z,-33.9528640,151.2343330,27.6
2014-07-05T23:41:10Z,-33.9529530,151.2343510,28.2
2014-07-05T23:41:11Z,-33.9530360,151.2343590,28.6
2014-07-05T23:41:12Z,-33.9531170,151.2343440,28.6
2014-07-05T23:41:14Z,-33.9532120,151.2341710,28.6
2014-07-05T23:41:15Z,-33.9532220,151.2340650,28.2
2014-07-05T23:41:16Z,-33.9532190,151.2339590,27.8
2014-07-05T23:41:17Z,-33.9532120,151.2338530,27.4
2014-07-05T23:41:18Z,-33.9532040,151.2337620,27.0
2014-07-05T23:41:19Z,-33.9531700,151.2336700,26.6
2014-07-05T23:41:20Z,-33.9530890,151.2336290,26.6
2014-07-05T23:41:22Z,-33.9529170,151.2335940,26.6
2014-07-05T23:41:24Z,-33.9527470,151.2335830,26.6
2014-07-05T23:41:26Z,-33.9525650,151.2335640,26.6
2014-07-05T23:41:28Z,-33.9523920,151.2335320,26.2
2014-07-05T23:41:29Z,-33.9523060,151.2335190,25.6
2014-07-05T23:41:30Z,-33.9522260,151.2335080,25.2
2014-07-05T23:41:31Z,-33.9521360,151.2334970,24.8
2014-07-05T23:41:32Z,-33.9520560,151.2334930,24.4
2014-07-05T23:41:33Z,-33.9519750,151.2335080,24.4
2014-07-05T23:41:35Z,-33.9518520,151.2336370,24.8
2014-07-05T23:41:36Z,-33.9518090,151.2337230,25.2
2014-07-05T23:41:37Z,-33.9518200,151.2338520,25.6
2014-07-05T23:41:38Z,-33.9518130,151.2339570,26.0
2014-07-05T23:41:39Z,-33.9517940,151.2340620,26.4
2014-07-05T23:41:43Z,-33.9515670,151.2343760,26.4
2014-07-05T23:41:46Z,-33.9513160,151.2344510,26.4
2014-07-05T23:41:48Z,-33.9511410,151.2344240,25.8
2014-07-05T23:41:49Z,-33.9510500,151.2344180,25.4
2014-07-05T23:41:50Z,-33.9509630,151.2344230,24.8
2014-07-05T23:41:51Z,-33.9508810,151.2344410,24.4
2014-07-05T23:41:52Z,-33.9507980,151.2344670,23.8
2014-07-05T23:41:54Z,-33.9506420,151.2345480,23.8
2014-07-05T23:41:58Z,-33.9503680,151.2348110,23.8
2014-07-05T23:41:59Z,-33.9503120,151.2348870,24.4
2014-07-05T23:42:00Z,-33.9502550,151.2349660,24.8
2014-07-05T23:42:01Z,-33.9501980,151.2350470,25.2
2014-07-05T23:42:02Z,-33.9501380,151.2351230,25.6
2014-07-05T23:42:03Z,-33.9500750,151.2351960,26.0
2014-07-05T23:42:04Z,-33.9500040,151.2352580,26.0
2014-07-05T23:42:08Z,-33.9497060,151.2354200,26.0
2014-07-05T23:42:11Z,-33.9494400,151.2354540,25.6
2014-07-05T23:42:12Z,-33.9493550,151.2354540,25.2
2014-07-05T23:42:13Z,-33.9492600,151.2354540,24.8
2014-07-05T23:42:14Z,-33.9491660,151.2354600,24.2
2014-07-05T23:42:15Z,-33.9490760,151.2354840,23.8
2014-07-05T23:42:16Z,-33.9489900,151.2355190,23.8
2014-07-05T23:42:18Z,-33.9488440,151.2356330,24.4
2014-07-05T23:42:19Z,-33.9487760,151.2357060,24.8
2014-07-05T23:42:20Z,-33.9487160,151.2357760,25.2
2014-07-05T23:42:21Z,-33.9486580,151.2358470,25.8
2014-07-05T23:42:22Z,-33.9486030,151.2359210,26.2
2014-07-05T23:42:25Z,-33.9484260,151.2361460,26.2
2014-07-05T23:42:26Z,-33.9483680,151.2362180,26.6
2014-07-05T23:42:27Z,-33.9483120,151.2362960,27.0
2014-07-05T23:42:28Z,-33.9482620,151.2363660,27.8
2014-07-05T23:42:29Z,-33.9482130,151.2364410,28.4
2014-07-05T23:42:30Z,-33.9481640,151.2365150,29.0
2014-07-05T23:42:31Z,-33.9481130,151.2365930,29.8
2014-07-05T23:42:32Z,-33.9480480,151.2366620,30.4
2014-07-05T23:42:34Z,-33.9478800,151.2367610,29.8
2014-07-05T23:42:35Z,-33.9477820,151.2367830,29.2
2014-07-05T23:42:36Z,-33.9476720,151.2367650,28.2
2014-07-05T23:42:37Z,-33.9475710,151.2367490,27.4
2014-07-05T23:42:38Z,-33.9474660,151.2367200,26.4
2014-07-05T23:42:39Z,-33.9473740,151.2366830,25.4
2014-07-05T23:42:40Z,-33.9472820,151.2366350,24.4
2014-07-05T23:42:41Z,-33.9472060,151.2365560,24.4
2014-07-05T23:42:43Z,-33.9471790,151.2363370,24.4
2014-07-05T23:42:46Z,-33.9472090,151.2360310,24.4
2014-07-05T23:42:47Z,-33.9472210,151.2359250,24.4
2014-07-05T23:42:52Z,-33.9472550,151.2354190,24.4
2014-07-05T23:42:55Z,-33.9470820,151.2353230,24.4
2014-07-05T23:42:56Z,-33.9470240,151.2353780,25.2
2014-07-05T23:42:57Z,-33.9469780,151.2354450,25.8
2014-07-05T23:42:58Z,-33.9469440,151.2355270,26.6
2014-07-05T23:42:59Z,-33.9469310,151.2356230,27.4
2014-07-05T23:43:00Z,-33.9469210,151.2357230,28.4
2014-07-05T23:43:01Z,-33.9469080,151.2358260,29.2
2014-07-05T23:43:02Z,-33.9468950,151.2359250,30.0
2014-07-05T23:43:06Z,-33.9468580,151.2363640,29.6
2014-07-05T23:43:07Z,-33.9468840,151.2364810,29.2
2014-07-05T23:43:08Z,-33.9469170,151.2365890,28.8
2014-07-05T23:43:09Z,-33.9469730,151.2366870,28.4
2014-07-05T23:43:10Z,-33.9470420,151.2367690,28.0
2014-07-05T23:43:13Z,-33.9473120,151.2368900,28.0
2014-07-05T23:43:16Z,-33.9476110,151.2369240,28.0
2014-07-05T23:43:17Z,-33.9476990,151.2369400,28.0
2014-07-05T23:43:23Z,-33.9482430,151.2370280,28.0
2014-07-05T23:43:25Z,-33.9484290,151.2370570,28.0
2014-07-05T23:43:31Z,-33.9489910,151.2371300,28.0
2014-07-05T23:43:32Z,-33.9490850,151.2371410,28.4
2014-07-05T23:43:33Z,-33.9491820,151.2371570,28.8
2014-07-05T23:43:34Z,-33.9492710,151.2371760,29.2
2014-07-05T23:43:35Z,-33.9493670,151.2371950,29.6
2014-07-05T23:43:36Z,-33.9494560,151.2372120,30.0
2014-07-05T23:43:42Z,-33.9500030,151.2372900,30.0
2014-07-05T23:43:44Z,-33.9501850,151.2373210,30.0
2014-07-05T23:43:45Z,-33.9502760,151.2373370,30.0
2014-07-05T23:43:47Z,-33.9504550,151.2373760,29.6
2014-07-05T23:43:48Z,-33.9505400,151.2373910,29.0
2014-07-05T23:43:49Z,-33.9506300,151.2374070,28.6
2014-07-05T23:43:50Z,-33.9507210,151.2374200,28.0
2014-07-05T23:43:51Z,-33.9508110,151.2374310,28.4
2014-07-05T23:43:52Z,-33.9509010,151.2374410,29.0
2014-07-05T23:43:53Z,-33.9509870,151.2374540,29.4
2014-07-05T23:43:54Z,-33.9510770,151.2374660,29.8
2014-07-05T23:43:55Z,-33.9511620,151.2374720,30.4
2014-07-05T23:43:56Z,-33.9512520,151.2374460,30.4
2014-07-05T23:43:58Z,-33.9514140,151.2373400,30.4
2014-07-05T23:44:01Z,-33.9515430,151.2370410,30.4
2014-07-05T23:44:02Z,-33.9515480,151.2369280,29.8
2014-07-05T23:44:03Z,-33.9515540,151.2368130,29.4
2014-07-05T23:44:04Z,-33.9515630,151.2367030,28.6
2014-07-05T23:44:05Z,-33.9515720,151.2365910,27.8
2014-07-05T23:44:06Z,-33.9515830,151.2364830,27.0
2014-07-05T23:44:07Z,-33.9515970,151.2363810,26.2
2014-07-05T23:44:08Z,-33.9516110,151.2362810,25.4
2014-07-05T23:44:11Z,-33.9516510,151.2359660,25.4
2014-07-05T23:44:18Z,-33.9517190,151.2352650,25.4
2014-07-05T23:44:25Z,-33.9518030,151.2345910,25.4
2014-07-05T23:44:27Z,-33.9518410,151.2344060,25.4
2014-07-05T23:44:30Z,-33.9519710,151.2342070,25.4
2014-07-05T23:44:31Z,-33.9520380,151.2341800,25.8
2014-07-05T23:44:32Z,-33.9521160,151.2342060,26.4
2014-07-05T23:44:33Z,-33.9521910,151.2342290,27.0
2014-07-05T23:44:34Z,-33.9522700,151.2342460,27.6
2014-07-05T23:44:35Z,-33.9523440,151.2342620,28.0
2014-07-05T23:44:40Z,-33.9527410,151.2343120,28.0
2014-07-05T23:44:44Z,-33.9530680,151.2343450,28.0
2014-07-05T23:44:46Z,-33.9531870,151.2342330,28.0
2014-07-05T23:44:48Z,-33.9532380,151.2340480,28.0
2014-07-05T23:44:51Z,-33.9532200,151.2337400,28.0
2014-07-05T23:44:54Z,-33.9530240,151.2335960,28.0
2014-07-05T23:44:57Z,-33.9527650,151.2335610,28.0
2014-07-05T23:44:58Z,-33.9526740,151.2335500,27.6
2014-07-05T23:44:59Z,-33.9525850,151.2335420,27.2
2014-07-05T23:45:00Z,-33.9525040,151.2335340,26.8
2014-07-05T23:45:01Z,-33.9524220,151.2335250,26.4
2014-07-05T23:45:02Z,-33.9523410,151.2335160,26.0
2014-07-05T23:45:03Z,-33.9522610,151.2335060,25.6
2014-07-05T23:45:04Z,-33.9521800,151.2334960,25.2
2014-07-05T23:45:05Z,-33.9520970,151.2334860,24.8
2014-07-05T23:45:06Z,-33.9520180,151.2334850,25.0
2014-07-05T23:45:07Z,-33.9519400,151.2335070,25.4
2014-07-05T23:45:08Z,-33.9518760,151.2335750,25.6
2014-07-05T23:45:09Z,-33.9518430,151.2336700,26.0
2014-07-05T23:45:10Z,-33.9518130,151.2337610,26.2
2014-07-05T23:45:12Z,-33.9517990,151.2339720,26.2
2014-07-05T23:45:14Z,-33.9517580,151.2341700,26.2
2014-07-05T23:45:17Z,-33.9516030,151.2344180,25.8
2014-07-05T23:45:18Z,-33.9515330,151.2344680,25.2
2014-07-05T23:45:19Z,-33.9514510,151.2345070,24.8
2014-07-05T23:45:20Z,-33.9513650,151.2345220,25.0
2014-07-05T23:45:21Z,-33.9512480,151.2344590,25.2
2014-07-05T23:45:22Z,-33.9511580,151.2344460,25.6
2014-07-05T23:45:23Z,-33.9510730,151.2344400,25.2
2014-07-05T23:45:24Z,-33.9509860,151.2344430,24.8
2014-07-05T23:45:25Z,-33.9509050,151.2344530,24.6
2014-07-05T23:45:26Z,-33.9508230,151.2344680,24.2
2014-07-05T23:45:27Z,-33.9507430,151.2344980,23.8
2014-07-05T23:45:31Z,-33.9504450,151.2346840,23.8
2014-07-05T23:45:32Z,-33.9503770,151.2347500,24.4
2014-07-05T23:45:33Z,-33.9503180,151.2348200,24.8
2014-07-05T23:45:34Z,-33.9502650,151.2348990,25.4
2014-07-05T23:45:35Z,-33.9502100,151.2349840,25.8
2014-07-05T23:45:36Z,-33.9501580,151.2350670,26.4
2014-07-05T23:45:38Z,-33.9500430,151.2352230,26.4
2014-07-05T23:45:40Z,-33.9499130,151.2353400,26.4
2014-07-05T23:45:44Z,-33.9496270,151.2354610,26.4
2014-07-05T23:45:47Z,-33.9493590,151.2354720,25.8
2014-07-05T23:45:48Z,-33.9492700,151.2354790,25.4
2014-07-05T23:45:49Z,-33.9491720,151.2354860,25.0
2014-07-05T23:45:50Z,-33.9490840,151.2355080,25.4
2014-07-05T23:45:51Z,-33.9489940,151.2355460,25.8
2014-07-05T23:45:52Z,-33.9489190,151.2355920,26.2
2014-07-05T23:45:53Z,-33.9488440,151.2356490,26.6
2014-07-05T23:45:55Z,-33.9487290,151.2358000,26.8
2014-07-05T23:45:56Z,-33.9486700,151.2358750,26.8
2014-07-05T23:46:03Z,-33.9482910,151.2363720,27.4
2014-07-05T23:46:04Z,-33.9482500,151.2364340,27.8
2014-07-05T23:46:05Z,-33.9482050,151.2364940,28.4
2014-07-05T23:46:06Z,-33.9481550,151.2365520,29.0
2014-07-05T23:46:07Z,-33.9481050,151.2366070,29.4
2014-07-05T23:46:09Z,-33.9479890,151.2367090,29.4
2014-07-05T23:46:10Z,-33.9479170,151.2367520,29.4
2014-07-05T23:46:11Z,-33.9478360,151.2367840,28.8
2014-07-05T23:46:12Z,-33.9477510,151.2368020,28.2
2014-07-05T23:46:13Z,-33.9476680,151.2367960,27.4
2014-07-05T23:46:14Z,-33.9475810,151.2367790,26.6
2014-07-05T23:46:15Z,-33.9475020,151.2367570,25.8
2014-07-05T23:46:16Z,-33.9474200,151.2367430,25.2
2014-07-05T23:46:17Z,-33.9473410,151.2367190,24.4
2014-07-05T23:46:18Z,-33.9472740,151.2366630,24.4
2014-07-05T23:46:20Z,-33.9471780,151.2364870,24.4
2014-07-05T23:46:22Z,-33.9472000,151.2363020,24.8
2014-07-05T23:46:23Z,-33.9472230,151.2362010,25.2
2014-07-05T23:46:24Z,-33.9472450,151.2361000,25.6
2014-07-05T23:46:25Z,-33.9472550,151.2360090,26.0
2014-07-05T23:46:26Z,-33.9472680,151.2359100,26.4
2014-07-05T23:46:28Z,-33.9473010,151.2357150,26.4
2014-07-05T23:46:29Z,-33.9473050,151.2356170,26.4
2014-07-05T23:46:32Z,-33.9472360,151.2353690,26.4
2014-07-05T23:46:34Z,-33.9470850,151.2353520,26.8
2014-07-05T23:46:35Z,-33.9470220,151.2353890,27.2
2014-07-05T23:46:36Z,-33.9469670,151.2354300,27.8
2014-07-05T23:46:37Z,-33.9469370,151.2355220,28.2
2014-07-05T23:46:38Z,-33.9469110,151.2356030,28.6
2014-07-05T23:46:40Z,-33.9469000,151.2358000,28.6
2014-07-05T23:46:41Z,-33.9468870,151.2358940,28.6
2014-07-05T23:46:46Z,-33.9468650,151.2364210,28.6
2014-07-05T23:46:49Z,-33.9469820,151.2367140,28.6
2014-07-05T23:46:52Z,-33.9472300,151.2368590,28.6
2014-07-05T23:46:55Z,-33.9474950,151.2369050,28.6
2014-07-05T23:46:56Z,-33.9475770,151.2369210,28.6
2014-07-05T23:47:02Z,-33.9481280,151.2370250,28.6
2014-07-05T23:47:04Z,-33.9483150,151.2370430,28.6
2014-07-05T23:47:10Z,-33.9488540,151.2371280,28.6
2014-07-05T23:47:13Z,-33.9491230,151.2371660,28.6
2014-07-05T23:47:20Z,-33.9497300,151.2372510,28.6
2014-07-05T23:47:23Z,-33.9499820,151.2373010,28.6
2014-07-05T23:47:25Z,-33.9501510,151.2373310,29.2
2014-07-05T23:47:26Z,-33.9502370,151.2373450,29.6
2014-07-05T23:47:27Z,-33.9503220,151.2373600,30.0
2014-07-05T23:47:28Z,-33.9504130,151.2373750,29.6
2014-07-05T23:47:29Z,-33.9504970,151.2373880,29.0
2014-07-05T23:47:30Z,-33.9505750,151.2374010,28.6
2014-07-05T23:47:31Z,-33.9506610,151.2374120,29.2
2014-07-05T23:47:32Z,-33.9507410,151.2374220,29.6
2014-07-05T23:47:33Z,-33.9508230,151.2374330,30.0
2014-07-05T23:47:34Z,-33.9509000,151.2374450,30.4
2014-07-05T23:47:35Z,-33.9509840,151.2374550,31.0
2014-07-05T23:47:38Z,-33.9512240,151.2374450,31.0
2014-07-05T23:47:39Z,-33.9512980,151.2374130,31.0
2014-07-05T23:47:42Z,-33.9514580,151.2372200,31.0
2014-07-05T23:47:43Z,-33.9514910,151.2371350,30.2
2014-07-05T23:47:45Z,-33.9515450,151.2369500,28.8
2014-07-05T23:47:46Z,-33.9515600,151.2368560,27.8
2014-07-05T23:47:47Z,-33.9515710,151.2367640,27.0
2014-07-05T23:47:48Z,-33.9515830,151.2366680,26.2
2014-07-05T23:47:49Z,-33.9515900,151.2365770,25.4
2014-07-05T23:47:50Z,-33.9516000,151.2364900,25.4
2014-07-05T23:47:57Z,-33.9516610,151.2358440,25.4
2014-07-05T23:48:05Z,-33.9517400,151.2351200,25.4
2014-07-05T23:48:13Z,-33.9518260,151.2344190,25.4
2014-07-05T23:48:15Z,-33.9518780,151.2342710,25.4
2014-07-05T23:48:16Z,-33.9519130,151.2342120,25.8
2014-07-05T23:48:17Z,-33.9519630,151.2341640,26.2
2014-07-05T23:48:18Z,-33.9520300,151.2341420,26.6
2014-07-05T23:48:19Z,-33.9520960,151.2341560,27.2
2014-07-05T23:48:20Z,-33.9521650,151.2341880,27.6
2014-07-05T23:48:22Z,-33.9523040,151.2342360,27.6
2014-07-05T23:48:26Z,-33.9525910,151.2342820,27.6
2014-07-05T23:48:33Z,-33.9531260,151.2343200,27.6
2014-07-05T23:48:35Z,-33.9532230,151.2341740,27.6
2014-07-05T23:48:38Z,-33.9532510,151.2339050,27.6
2014-07-05T23:48:42Z,-33.9531390,151.2336080,27.6
2014-07-05T23:48:45Z,-33.9528810,151.2335670,27.6
2014-07-05T23:48:46Z,-33.9527970,151.2335630,27.2
2014-07-05T23:48:47Z,-33.9527180,151.2335680,26.8
2014-07-05T23:48:48Z,-33.9526410,151.2335660,26.4
2014-07-05T23:48:49Z,-33.9525480,151.2335640,26.0
2014-07-05T23:48:51Z,-33.9523820,151.2335680,25.6
2014-07-05T23:48:52Z,-33.9522960,151.2335540,25.6
2014-07-05T23:48:56Z,-33.9519730,151.2335400,25.6
2014-07-05T23:48:57Z,-33.9519040,151.2335830,25.6
2014-07-05T23:48:59Z,-33.9518530,151.2337730,25.6
2014-07-05T23:49:02Z,-33.9518340,151.2340680,25.6
2014-07-05T23:49:03Z,-33.9518060,151.2341570,25.6
2014-07-05T23:49:05Z,-33.9517100,151.2343290,25.6
2014-07-05T23:49:06Z,-33.9516420,151.2343890,25.6
2014-07-05T23:49:08Z,-33.9514910,151.2344810,25.6
2014-07-05T23:49:10Z,-33.9513070,151.2344510,25.6
2014-07-05T23:49:11Z,-33.9512170,151.2344410,25.6
2014-07-05T23:49:13Z,-33.9510200,151.2344200,25.6
2014-07-05T23:49:15Z,-33.9508460,151.2344310,25.6
2014-07-05T23:49:16Z,-33.9507660,151.2344550,25.6
2014-07-05T23:49:18Z,-33.9506100,151.2345360,25.6
2014-07-05T23:49:22Z,-33.9503430,151.2347950,25.6
2014-07-05T23:49:24Z,-33.9502370,151.2349540,25.6
2014-07-05T23:49:26Z,-33.9501410,151.2351170,25.6
2014-07-05T23:49:27Z,-33.9500810,151.2351820,25.6
2014-07-05T23:49:30Z,-33.9498910,151.2353400,25.6
2014-07-05T23:49:31Z,-33.9498220,151.2353750,26.0
2014-07-05T23:49:32Z,-33.9497570,151.2354000,26.4
2014-07-05T23:49:33Z,-33.9496900,151.2354170,27.0
2014-07-05T23:49:34Z,-33.9496160,151.2354260,27.4
2014-07-05T23:49:35Z,-33.9495370,151.2354410,27.0
2014-07-05T23:49:36Z,-33.9494570,151.2354470,26.6
2014-07-05T23:49:37Z,-33.9493730,151.2354500,26.0
2014-07-05T23:49:38Z,-33.9492830,151.2354530,25.6
2014-07-05T23:49:39Z,-33.9491980,151.2354580,25.2
2014-07-05T23:49:40Z,-33.9491190,151.2354830,25.2
2014-07-05T23:49:42Z,-33.9489710,151.2355710,25.2
2014-07-05T23:49:44Z,-33.9488460,151.2356930,25.6
2014-07-05T23:49:45Z,-33.9487940,151.2357530,26.0
2014-07-05T23:49:46Z,-33.9487420,151.2358160,26.4
2014-07-05T23:49:47Z,-33.9486910,151.2358790,27.0
2014-07-05T23:49:48Z,-33.9486380,151.2359500,27.4
2014-07-05T23:49:53Z,-33.9483830,151.2362840,27.4
2014-07-05T23:49:54Z,-33.9483340,151.2363450,27.8
2014-07-05T23:49:55Z,-33.9482900,151.2363990,28.4
2014-07-05T23:49:56Z,-33.9482440,151.2364590,28.8
2014-07-05T23:49:57Z,-33.9482020,151.2365210,29.4
2014-07-05T23:49:58Z,-33.9481560,151.2365860,29.8
2014-07-05T23:50:00Z,-33.9480410,151.2366990,29.8
2014-07-05T23:50:01Z,-33.9479650,151.2367390,29.2
2014-07-05T23:50:02Z,-33.9478780,151.2367640,28.4
2014-07-05T23:50:03Z,-33.9477850,151.2367690,27.6
2014-07-05T23:50:04Z,-33.9477000,151.2367660,27.0
2014-07-05T23:50:05Z,-33.9476130,151.2367480,26.2
2014-07-05T23:50:06Z,-33.9475310,151.2367180,26.2
2014-07-05T23:50:10Z,-33.9472750,151.2364930,26.2
2014-07-05T23:50:13Z,-33.9472630,151.2362110,26.2
2014-07-05T23:50:15Z,-33.9472950,151.2360090,26.2
2014-07-05T23:50:18Z,-33.9473570,151.2357170,26.2
2014-07-05T23:50:20Z,-33.9473690,151.2355240,26.2
2014-07-05T23:50:22Z,-33.9473130,151.2353620,26.2
2014-07-05T23:50:24Z,-33.9471550,151.2353620,26.6
2014-07-05T23:50:25Z,-33.9470900,151.2354000,27.0
2014-07-05T23:50:26Z,-33.9470390,151.2354610,27.6
2014-07-05T23:50:27Z,-33.9470080,151.2355310,28.0
2014-07-05T23:50:28Z,-33.9469840,151.2356160,28.4
2014-07-05T23:50:30Z,-33.9469640,151.2358030,28.4
2014-07-05T23:50:31Z,-33.9469530,151.2358990,28.4
2014-07-05T23:50:35Z,-33.9469190,151.2363070,28.4
2014-07-05T23:50:36Z,-33.9469290,151.2364140,28.4
2014-07-05T23:50:39Z,-33.9470550,151.2367050,28.4
2014-07-05T23:50:42Z,-33.9473010,151.2368420,28.4
2014-07-05T23:50:44Z,-33.9474750,151.2368760,28.4
2014-07-05T23:50:47Z,-33.9477210,151.2369240,28.4
2014-07-05T23:50:54Z,-33.9483180,151.2370190,28.4
2014-07-05T23:50:57Z,-33.9485740,151.2370540,28.4
2014-07-05T23:51:04Z,-33.9491740,151.2371550,28.4
2014-07-05T23:51:08Z,-33.9495170,151.2372060,28.4
2014-07-05T23:51:15Z,-33.9501440,151.2372860,28.4
2014-07-05T23:51:17Z,-33.9503250,151.2373100,28.4
2014-07-05T23:51:19Z,-33.9505050,151.2373490,28.4
2014-07-05T23:51:26Z,-33.9511050,151.2374320,29.0
2014-07-05T23:51:27Z,-33.9511860,151.2374360,29.4
2014-07-05T23:51:28Z,-33.9512700,151.2374400,30.0
2014-07-05T23:51:29Z,-33.9513410,151.2374320,30.4
2014-07-05T23:51:30Z,-33.9514120,151.2374090,30.8
2014-07-05T23:51:31Z,-33.9514620,151.2373380,30.8
2014-07-05T23:51:33Z,-33.9515350,151.2372150,30.4
2014-07-05T23:51:34Z,-33.9515620,151.2371120,30.0
2014-07-05T23:51:35Z,-33.9515760,151.2370020,29.4
2014-07-05T23:51:36Z,-33.9515830,151.2368940,28.8
2014-07-05T23:51:37Z,-33.9515850,151.2367860,28.2
2014-07-05T23:51:39Z,-33.9516040,151.2365840,27.6
2014-07-05T23:51:40Z,-33.9516050,151.2364820,27.0
2014-07-05T23:51:41Z,-33.9516140,151.2363870,26.4
2014-07-05T23:51:45Z,-33.9516470,151.2360250,26.4
2014-07-05T23:51:51Z,-33.9516810,151.2355230,26.4
2014-07-05T23:51:57Z,-33.9517350,151.2350580,27.0
2014-07-05T23:51:58Z,-33.9517460,151.2349810,27.4
2014-07-05T23:51:59Z,-33.9517550,151.2349020,27.8
2014-07-05T23:52:00Z,-33.9517660,151.2348200,28.2
2014-07-05T23:52:01Z,-33.9517780,151.2347410,28.6
2014-07-05T23:52:02Z,-33.9517850,151.2346630,28.2
2014-07-05T23:52:03Z,-33.9517920,151.2345860,27.8
2014-07-05T23:52:04Z,-33.9518040,151.2345180,27.4
2014-07-05T23:52:05Z,-33.9518190,151.2344440,27.0
2014-07-05T23:52:06Z,-33.9518340,151.2343710,26.6
2014-07-05T23:52:07Z,-33.9518630,151.2343070,26.6
2014-07-05T23:52:09Z,-33.9519510,151.2342050,27.0
2014-07-05T23:52:10Z,-33.9520160,151.2341960,27.4
2014-07-05T23:52:11Z,-33.9520810,151.2341970,28.0
2014-07-05T23:52:12Z,-33.9521410,151.2342080,28.4
2014-07-05T23:52:13Z,-33.9522040,151.2342200,28.8
2014-07-05T23:52:14Z,-33.9522670,151.2342280,28.8
2014-07-05T23:52:20Z,-33.9526470,151.2342920,28.8
2014-07-05T23:52:27Z,-33.9531040,151.2343490,28.8
2014-07-05T23:52:28Z,-33.9531700,151.2343240,28.8
2014-07-05T23:52:30Z,-33.9532270,151.2341790,28.8
2014-07-05T23:52:33Z,-33.9532300,151.2339350,28.8
2014-07-05T23:52:36Z,-33.9532210,151.2337150,28.8
2014-07-05T23:52:38Z,-33.9531440,151.2336200,28.8
2014-07-05T23:52:41Z,-33.9529250,151.2336010,28.8
2014-07-05T23:52:42Z,-33.9528550,151.2336010,28.8
2014-07-05T23:52:48Z,-33.9524350,151.2335410,28.8
2014-07-05T23:52:50Z,-33.9522940,151.2335220,28.4
2014-07-05T23:52:51Z,-33.9522270,151.2335110,28.0
2014-07-05T23:52:52Z,-33.9521620,151.2335010,27.6
2014-07-05T23:52:53Z,-33.9520950,151.2334870,27.2
2014-07-05T23:52:54Z,-33.9520210,151.2334780,26.8
2014-07-05T23:52:55Z,-33.9519570,151.2334960,26.8
2014-07-05T23:52:56Z,-33.9518900,151.2335210,26.8
2014-07-05T23:52:58Z,-33.9518500,151.2337020,26.8
2014-07-05T23:53:00Z,-33.9518290,151.2338760,26.8
2014-07-05T23:53:03Z,-33.9517820,151.2341230,26.8
2014-07-05T23:53:04Z,-33.9517560,151.2341970,26.8
2014-07-05T23:53:07Z,-33.9516210,151.2343860,26.8
2014-07-05T23:53:10Z,-33.9514210,151.2344520,26.8
2014-07-05T23:53:12Z,-33.9512850,151.2344530,26.8
2014-07-05T23:53:13Z,-33.9512070,151.2344390,26.8
2014-07-05T23:53:15Z,-33.9510570,151.2344290,26.8
2014-07-05T23:53:21Z,-33.9506400,151.2345110,26.8
2014-07-05T23:53:22Z,-33.9505860,151.2345660,26.8
2014-07-05T23:53:24Z,-33.9504700,151.2346660,26.8
2014-07-05T23:53:28Z,-33.9502690,151.2349010,26.8
2014-07-05T23:53:29Z,-33.9502300,151.2349650,26.8
2014-07-05T23:53:36Z,-33.9498830,151.2353400,26.8
2014-07-05T23:53:37Z,-33.9498230,151.2353650,27.2
2014-07-05T23:53:38Z,-33.9497680,151.2353920,27.6
2014-07-05T23:53:39Z,-33.9497150,151.2354110,28.0
2014-07-05T23:53:41Z,-33.9496070,151.2354380,28.8
2014-07-05T23:53:43Z,-33.9494770,151.2354560,28.4
2014-07-05T23:53:44Z,-33.9494110,151.2354580,28.0
2014-07-05T23:53:45Z,-33.9493360,151.2354520,28.0
2014-07-05T23:53:46Z,-33.9492600,151.2354440,27.0
2014-07-05T23:53:47Z,-33.9491850,151.2354460,26.6
2014-07-05T23:53:48Z,-33.9491160,151.2354620,26.6
2014-07-05T23:53:50Z,-33.9489940,151.2355460,26.6
2014-07-05T23:53:53Z,-33.9488500,151.2356870,26.6
2014-07-05T23:53:54Z,-33.9488080,151.2357510,26.6
2014-07-05T23:53:57Z,-33.9486840,151.2359220,27.0
2014-07-05T23:53:58Z,-33.9486410,151.2359830,27.4
2014-07-05T23:53:59Z,-33.9486010,151.2360440,27.8
2014-07-05T23:54:00Z,-33.9485550,151.2361040,28.4
2014-07-05T23:54:01Z,-33.9485120,151.2361570,28.8
2014-07-05T23:54:05Z,-33.9483530,151.2363560,29.2
2014-07-05T23:54:06Z,-33.9483170,151.2364010,29.6
2014-07-05T23:54:07Z,-33.9482790,151.2364550,30.2
2014-07-05T23:54:08Z,-33.9482460,151.2365110,30.6
2014-07-05T23:54:09Z,-33.9482070,151.2365620,31.0
2014-07-05T23:54:11Z,-33.9481170,151.2366500,31.0
2014-07-05T23:54:12Z,-33.9480600,151.2367020,31.0
2014-07-05T23:54:13Z,-33.9479880,151.2367430,30.6
2014-07-05T23:54:14Z,-33.9479030,151.2367700,30.0
2014-07-05T23:54:15Z,-33.9478100,151.2367840,29.6
2014-07-05T23:54:16Z,-33.9477250,151.2367830,28.8
2014-07-05T23:54:17Z,-33.9476450,151.2367710,28.0
2014-07-05T23:54:18Z,-33.9475640,151.2367500,27.2
2014-07-05T23:54:19Z,-33.9474760,151.2367270,26.4
2014-07-05T23:54:20Z,-33.9473990,151.2367000,25.6
2014-07-05T23:54:21Z,-33.9473220,151.2366450,25.6
2014-07-05T23:54:22Z,-33.9472580,151.2365770,25.6
2014-07-05T23:54:24Z,-33.9472160,151.2363980,25.6
2014-07-05T23:54:26Z,-33.9472350,151.2361970,26.0
2014-07-05T23:54:27Z,-33.9472460,151.2360970,26.4
2014-07-05T23:54:28Z,-33.9472870,151.2359960,27.0
2014-07-05T23:54:29Z,-33.9473130,151.2359080,27.4
2014-07-05T23:54:30Z,-33.9473320,151.2358080,27.8
2014-07-05T23:54:31Z,-33.9473430,151.2357170,27.8
2014-07-05T23:54:33Z,-33.9473480,151.2355410,27.8
2014-07-05T23:54:35Z,-33.9472930,151.2353830,27.8
2014-07-05T23:54:38Z,-33.9470830,151.2354000,28.2
2014-07-05T23:54:39Z,-33.9470280,151.2354520,28.8
2014-07-05T23:54:40Z,-33.9469960,151.2355290,29.2
2014-07-05T23:54:41Z,-33.9469580,151.2355940,29.8
2014-07-05T23:54:42Z,-33.9469490,151.2356610,30.2
2014-07-05T23:54:43Z,-33.9469390,151.2357290,30.2
2014-07-05T23:54:45Z,-33.9469020,151.2359990,30.2
2014-07-05T23:54:49Z,-33.9468670,151.2364220,30.2
2014-07-05T23:54:50Z,-33.9468990,151.2365250,30.2
2014-07-05T23:54:53Z,-33.9470740,151.2367620,30.2
2014-07-05T23:54:56Z,-33.9473270,151.2368840,30.2
2014-07-05T23:54:59Z,-33.9475970,151.2369270,30.2
2014-07-05T23:55:00Z,-33.9476880,151.2369340,30.2
2014-07-05T23:55:03Z,-33.9479400,151.2369720,30.6
2014-07-05T23:55:04Z,-33.9480210,151.2369850,31.0
2014-07-05T23:55:05Z,-33.9481040,151.2369970,31.4
2014-07-05T23:55:06Z,-33.9481860,151.2370060,31.8
2014-07-05T23:55:07Z,-33.9482700,151.2370160,32.2
2014-07-05T23:55:09Z,-33.9484340,151.2370440,32.2
2014-07-05T23:55:12Z,-33.9486910,151.2370910,31.8
2014-07-05T23:55:13Z,-33.9487710,151.2371030,31.4
2014-07-05T23:55:14Z,-33.9488540,151.2371170,31.0
2014-07-05T23:55:15Z,-33.9489360,151.2371320,30.6
2014-07-05T23:55:16Z,-33.9490190,151.2371450,30.2
2014-07-05T23:55:17Z,-33.9490990,151.2371580,30.2
2014-07-05T23:55:24Z,-33.9496610,151.2372500,30.2
2014-07-05T23:55:26Z,-33.9498340,151.2372770,30.2
2014-07-05T23:55:32Z,-33.9503400,151.2373420,30.2
2014-07-05T23:55:37Z,-33.9506960,151.2374020,30.2
2014-07-05T23:55:43Z,-33.9511800,151.2374800,30.2
2014-07-05T23:55:44Z,-33.9512490,151.2374680,30.2
2014-07-05T23:55:47Z,-33.9514500,151.2373370,30.2
2014-07-05T23:55:50Z,-33.9515650,151.2370750,30.2
2014-07-05T23:55:53Z,-33.9516100,151.2367570,30.2
2014-07-05T23:55:55Z,-33.9516350,151.2365510,30.2
2014-07-05T23:55:57Z,-33.9516550,151.2363530,29.6
2014-07-05T23:55:58Z,-33.9516580,151.2362480,29.2
2014-07-05T23:55:59Z,-33.9516670,151.2361520,28.8
2014-07-05T23:56:00Z,-33.9516770,151.2360560,28.2
2014-07-05T23:56:01Z,-33.9516860,151.2359590,27.8
2014-07-05T23:56:03Z,-33.9516980,151.2357790,27.8
2014-07-05T23:56:10Z,-33.9517730,151.2351330,27.8
2014-07-05T23:56:17Z,-33.9518450,151.2344690,27.8
2014-07-05T23:56:18Z,-33.9518570,151.2343840,27.8
2014-07-05T23:56:19Z,-33.9518860,151.2343030,27.8
2014-07-05T23:56:20Z,-33.9519340,151.2342410,27.8
2014-07-05T23:56:23Z,-33.9521790,151.2342010,27.8
2014-07-05T23:56:25Z,-33.9523510,151.2342330,27.8
2014-07-05T23:56:29Z,-33.9527020,151.2343050,27.8
2014-07-05T23:56:33Z,-33.9530310,151.2343500,28.2
2014-07-05T23:56:34Z,-33.9531030,151.2343350,28.6
2014-07-05T23:56:35Z,-33.9531710,151.2342900,29.0
2014-07-05T23:56:36Z,-33.9532240,151.2342200,29.4
2014-07-05T23:56:37Z,-33.9532410,151.2341220,29.8
2014-07-05T23:56:38Z,-33.9532530,151.2340250,29.8
2014-07-05T23:56:41Z,-33.9532380,151.2337400,29.4
2014-07-05T23:56:42Z,-33.9531830,151.2336770,29.0
2014-07-05T23:56:43Z,-33.9531160,151.2336300,28.6
2014-07-05T23:56:44Z,-33.9530350,151.2336030,28.0
2014-07-05T23:56:45Z,-33.9529460,151.2335880,27.6
2014-07-05T23:56:46Z,-33.9528610,151.2335760,27.6
2014-07-05T23:56:53Z,-33.9522780,151.2334960,27.6
2014-07-05T23:56:55Z,-33.9521240,151.2334740,27.6
2014-07-05T23:56:57Z,-33.9519720,151.2335150,27.6
2014-07-05T23:56:59Z,-33.9519030,151.2337070,27.6
2014-07-05T23:57:01Z,-33.9518750,151.2339210,27.6
2014-07-05T23:57:04Z,-33.9517790,151.2342220,27.6
2014-07-05T23:57:09Z,-33.9514150,151.2344590,27.6
2014-07-05T23:57:10Z,-33.9513240,151.2344230,27.6
2014-07-05T23:57:11Z,-33.9512340,151.2344070,27.6
2014-07-05T23:57:12Z,-33.9511430,151.2343910,27.0
2014-07-05T23:57:13Z,-33.9510610,151.2343950,26.4
2014-07-05T23:57:14Z,-33.9509830,151.2344080,25.8
2014-07-05T23:57:15Z,-33.9509080,151.2344260,25.2
2014-07-05T23:57:16Z,-33.9508310,151.2344520,24.6
2014-07-05T23:57:18Z,-33.9506790,151.2345130,24.6
2014-07-05T23:57:20Z,-33.9505460,151.2346130,24.6
2014-07-05T23:57:21Z,-33.9504810,151.2346730,25.2
2014-07-05T23:57:22Z,-33.9504210,151.2347370,25.8
2014-07-05T23:57:23Z,-33.9503670,151.2348040,26.2
2014-07-05T23:57:24Z,-33.9503180,151.2348750,26.8
2014-07-05T23:57:25Z,-33.9502710,151.2349530,27.4
2014-07-05T23:57:27Z,-33.9501710,151.2351040,27.4
2014-07-05T23:57:30Z,-33.9499890,151.2352840,27.4
2014-07-05T23:57:34Z,-33.9497140,151.2354060,27.4
2014-07-05T23:57:38Z,-33.9493950,151.2354370,27.0
2014-07-05T23:57:39Z,-33.9493120,151.2354390,26.6
2014-07-05T23:57:40Z,-33.9492270,151.2354500,26.0
2014-07-05T23:57:41Z,-33.9491460,151.2354760,25.6
2014-07-05T23:57:42Z,-33.9490700,151.2355130,26.0
2014-07-05T23:57:43Z,-33.9489940,151.2355650,26.4
2014-07-05T23:57:44Z,-33.9489270,151.2356230,26.8
2014-07-05T23:57:45Z,-33.9488620,151.2356890,27.0
2014-07-05T23:57:46Z,-33.9488020,151.2357600,27.4
2014-07-05T23:57:47Z,-33.9487460,151.2358300,27.4
2014-07-05T23:57:51Z,-33.9485310,151.2361130,27.4
2014-07-05T23:57:54Z,-33.9483750,151.2363090,28.0
2014-07-05T23:57:55Z,-33.9483280,151.2363700,28.4
2014-07-05T23:57:56Z,-33.9482820,151.2364310,28.8
2014-07-05T23:57:57Z,-33.9482360,151.2364890,29.4
2014-07-05T23:57:58Z,-33.9481890,151.2365490,29.8
2014-07-05T23:57:59Z,-33.9481390,151.2366060,29.8
2014-07-05T23:58:01Z,-33.9480100,151.2367100,29.8
2014-07-05T23:58:03Z,-33.9478490,151.2367670,29.4
2014-07-05T23:58:04Z,-33.9477630,151.2367710,29.0
2014-07-05T23:58:05Z,-33.9476740,151.2367560,28.6
2014-07-05T23:58:06Z,-33.9475860,151.2367400,28.2
2014-07-05T23:58:07Z,-33.9475000,151.2367220,27.6
2014-07-05T23:58:08Z,-33.9474190,151.2366920,27.6
2014-07-05T23:58:11Z,-33.9472600,151.2364900,27.6
2014-07-05T23:58:14Z,-33.9472730,151.2361820,27.6
2014-07-05T23:58:15Z,-33.9472900,151.2360820,27.6
2014-07-05T23:58:18Z,-33.9473450,151.2358110,27.2
2014-07-05T23:58:19Z,-33.9473610,151.2357250,26.6
2014-07-05T23:58:20Z,-33.9473810,151.2356340,26.2
2014-07-05T23:58:21Z,-33.9473930,151.2355490,25.6
2014-07-05T23:58:22Z,-33.9473840,151.2354660,25.2
2014-07-05T23:58:23Z,-33.9473570,151.2354000,25.2
2014-07-05T23:58:24Z,-33.9473170,151.2353510,25.6
2014-07-05T23:58:25Z,-33.9472520,151.2353330,26.0
2014-07-05T23:58:26Z,-33.9471900,151.2353350,26.8
2014-07-05T23:58:27Z,-33.9471370,151.2353580,27.6
2014-07-05T23:58:28Z,-33.9470900,151.2353980,28.2
2014-07-05T23:58:29Z,-33.9470560,151.2354530,29.0
2014-07-05T23:58:30Z,-33.9470260,151.2355230,29.8
2014-07-05T23:58:32Z,-33.9469960,151.2356860,29.8
2014-07-05T23:58:33Z,-33.9469830,151.2357740,29.8
2014-07-05T23:58:38Z,-33.9469460,151.2362490,29.8
2014-07-05T23:58:41Z,-33.9470100,151.2365630,29.8
2014-07-05T23:58:44Z,-33.9472020,151.2367930,29.8
2014-07-05T23:58:47Z,-33.9474580,151.2368780,29.8
2014-07-05T23:58:53Z,-33.9479960,151.2369650,29.8
2014-07-05T23:58:55Z,-33.9481770,151.2369950,29.8
2014-07-05T23:59:01Z,-33.9487180,151.2370750,29.8
2014-07-05T23:59:04Z,-33.9489760,151.2371120,29.8
2014-07-05T23:59:11Z,-33.9495980,151.2372100,29.8
2014-07-05T23:59:13Z,-33.9497770,151.2372370,29.8
2014-07-05T23:59:19Z,-33.9503000,151.2373230,29.8
2014-07-05T23:59:23Z,-33.9506560,151.2373790,29.8
2014-07-05T23:59:29Z,-33.9511800,151.2374350,29.8
2014-07-05T23:59:30Z,-33.9512650,151.2374130,29.8
2014-07-05T23:59:33Z,-33.9514790,151.2372320,29.8
2014-07-05T23:59:36Z,-33.9515820,151.2369290,29.8
2014-07-05T23:59:37Z,-33.9515990,151.2368170,29.8
2014-07-05T23:59:41Z,-33.9516440,151.2363880,29.8
2014-07-05T23:59:48Z,-33.9517020,151.2356870,29.8
2014-07-05T23:59:49Z,-33.9517120,151.2355860,29.4
2014-07-05T23:59:50Z,-33.9517230,151.2354840,29.0
2014-07-05T23:59:51Z,-33.9517340,151.2353840,28.6
2014-07-05T23:59:52Z,-33.9517440,151.2352840,28.2
2014-07-05T23:59:53Z,-33.9517550,151.2351860,27.8
2014-07-05T23:59:56Z,-33.9517870,151.2348960,27.8
2014-07-06T00:00:02Z,-33.9518700,151.2343580,27.8
2014-07-06T00:00:03Z,-33.9519010,151.2342760,27.8
2014-07-06T00:00:06Z,-33.9520710,151.2341680,27.8
2014-07-06T00:00:08Z,-33.9522240,151.2341760,27.8
2014-07-06T00:00:11Z,-33.9524540,151.2342060,27.8
2014-07-06T00:00:18Z,-33.9529650,151.2343270,27.8
2014-07-06T00:00:20Z,-33.9531090,151.2343490,27.8
2014-07-06T00:00:22Z,-33.9532250,151.2342830,27.8
2014-07-06T00:00:25Z,-33.9532800,151.2340400,27.8
2014-07-06T00:00:26Z,-33.9532850,151.2339510,27.8
2014-07-06T00:00:28Z,-33.9532760,151.2337940,27.8
2014-07-06T00:00:29Z,-33.9532470,151.2337230,27.8
2014-07-06T00:00:32Z,-33.9530600,151.2336250,27.8
2014-07-06T00:00:34Z,-33.9528760,151.2336070,27.8
2014-07-06T00:00:36Z,-33.9527020,151.2335870,27.8
2014-07-06T00:00:43Z,-33.9521360,151.2335030,27.8
2014-07-06T00:00:44Z,-33.9520590,151.2335010,27.8
2014-07-06T00:00:45Z,-33.9519830,151.2335230,27.8
2014-07-06T00:00:47Z,-33.9518910,151.2336660,27.8
2014-07-06T00:00:51Z,-33.9518220,151.2340640,27.8
2014-07-06T00:00:54Z,-33.9516880,151.2343220,27.8
2014-07-06T00:00:57Z,-33.9514660,151.2344430,27.8
2014-07-06T00:01:00Z,-33.9512040,151.2344300,27.8
2014-07-06T00:01:02Z,-33.9510270,151.2344270,27.4
2014-07-06T00:01:03Z,-33.9509410,151.2344400,27.0
2014-07-06T00:01:04Z,-33.9508550,151.2344640,26.4
2014-07-06T00:01:05Z,-33.9507740,151.2344920,26.0
2014-07-06T00:01:06Z,-33.9506970,151.2345300,25.6
2014-07-06T00:01:08Z,-33.9505530,151.2346380,25.6
2014-07-06T00:01:11Z,-33.9503610,151.2348410,25.6
2014-07-06T00:01:12Z,-33.9503070,151.2349200,25.6
2014-07-06T00:01:13Z,-33.9502520,151.2350040,26.0
2014-07-06T00:01:14Z,-33.9502000,151.2350820,26.4
2014-07-06T00:01:15Z,-33.9501420,151.2351550,27.0
2014-07-06T00:01:16Z,-33.9500780,151.2352250,27.4
2014-07-06T00:01:17Z,-33.9500130,151.2352810,27.8
2014-07-06T00:01:18Z,-33.9499450,151.2353290,27.8
2014-07-06T00:01:22Z,-33.9496410,151.2354320,27.8
2014-07-06T00:01:23Z,-33.9495610,151.2354400,27.2
2014-07-06T00:01:24Z,-33.9494740,151.2354430,26.6
2014-07-06T00:01:25Z,-33.9493830,151.2354430,26.0
2014-07-06T00:01:26Z,-33.9492940,151.2354440,26.0
2014-07-06T00:01:27Z,-33.9492070,151.2354570,25.4
2014-07-06T00:01:28Z,-33.9491210,151.2354830,24.8
2014-07-06T00:01:29Z,-33.9490400,151.2355210,25.4
2014-07-06T00:01:30Z,-33.9489640,151.2355730,25.8
2014-07-06T00:01:31Z,-33.9488990,151.2356360,26.4
2014-07-06T00:01:32Z,-33.9488420,151.2357090,26.8
2014-07-06T00:01:33Z,-33.9487870,151.2357830,27.4
2014-07-06T00:01:40Z,-33.9484140,151.2362590,27.4
2014-07-06T00:01:41Z,-33.9483670,151.2363210,27.8
2014-07-06T00:01:42Z,-33.9483240,151.2363840,28.4
2014-07-06T00:01:43Z,-33.9482760,151.2364480,28.8
2014-07-06T00:01:44Z,-33.9482260,151.2365080,29.6
2014-07-06T00:01:45Z,-33.9481750,151.2365690,30.2
2014-07-06T00:01:46Z,-33.9481170,151.2366280,30.8
2014-07-06T00:01:47Z,-33.9480490,151.2366830,31.4
2014-07-06T00:01:48Z,-33.9479680,151.2367270,31.0
2014-07-06T00:01:49Z,-33.9478840,151.2367600,30.4
2014-07-06T00:01:50Z,-33.9477900,151.2367610,29.8
2014-07-06T00:01:51Z,-33.9476950,151.2367530,29.0
2014-07-06T00:01:52Z,-33.9476050,151.2367370,28.2
2014-07-06T00:01:53Z,-33.9475190,151.2367140,27.6
2014-07-06T00:01:54Z,-33.9474390,151.2366840,26.8
2014-07-06T00:01:57Z,-33.9472750,151.2364770,26.8
2014-07-06T00:02:00Z,-33.9472890,151.2361590,26.8
2014-07-06T00:02:01Z,-33.9473070,151.2360590,26.8
2014-07-06T00:02:06Z,-33.9473740,151.2355670,26.8
2014-07-06T00:02:07Z,-33.9473600,151.2354800,26.8
2014-07-06T00:02:10Z,-33.9472090,151.2353350,27.2
2014-07-06T00:02:11Z,-33.9471360,151.2353620,27.6
2014-07-06T00:02:12Z,-33.9470760,151.2353970,28.0
2014-07-06T00:02:13Z,-33.9470320,151.2354490,28.4
2014-07-06T00:02:14Z,-33.9470040,151.2355220,28.8
2014-07-06T00:02:15Z,-33.9469930,151.2356110,28.8
2014-07-06T00:02:16Z,-33.9469800,151.2357020,29.2
2014-07-06T00:02:17Z,-33.9469670,151.2357930,29.6
2014-07-06T00:02:18Z,-33.9469570,151.2358900,30.0
2014-07-06T00:02:19Z,-33.9469480,151.2359820,30.4
2014-07-06T00:02:20Z,-33.9469380,151.2360780,30.8
2014-07-06T00:02:22Z,-33.9469320,151.2362840,30.8
2014-07-06T00:02:24Z,-33.9469770,151.2364960,30.8
2014-07-06T00:02:27Z,-33.9471490,151.2367500,30.8
2014-07-06T00:02:30Z,-33.9474030,151.2368460,30.8
2014-07-06T00:02:31Z,-33.9474880,151.2368610,30.8
2014-07-06T00:02:37Z,-33.9479980,151.2369480,30.8
2014-07-06T00:02:44Z,-33.9485810,151.2370380,30.8
2014-07-06T00:02:47Z,-33.9488310,151.2370680,30.8
2014-07-06T00:02:54Z,-33.9493920,151.2371810,30.8
2014-07-06T00:02:57Z,-33.9496330,151.2372210,30.8
2014-07-06T00:03:04Z,-33.9501780,151.2373080,30.8
2014-07-06T00:03:06Z,-33.9503340,151.2373310,30.8
2014-07-06T00:03:10Z,-33.9506440,151.2373760,30.8
2014-07-06T00:03:17Z,-33.9511910,151.2374340,30.8
2014-07-06T00:03:18Z,-33.9512670,151.2374080,30.8
2014-07-06T00:03:21Z,-33.9514710,151.2372400,30.8
2014-07-06T00:03:24Z,-33.9515790,151.2369790,30.8
2014-07-06T00:03:26Z,-33.9516100,151.2367760,30.4
2014-07-06T00:03:27Z,-33.9516240,151.2366750,30.0
2014-07-06T00:03:28Z,-33.9516350,151.2365700,29.6
2014-07-06T00:03:29Z,-33.9516450,151.2364670,29.2
2014-07-06T00:03:30Z,-33.9516550,151.2363660,28.6
2014-07-06T00:03:37Z,-33.9517230,151.2356760,28.6
2014-07-06T00:03:38Z,-33.9517310,151.2355710,28.6
2014-07-06T00:03:45Z,-33.9517990,151.2348980,28.6
2014-07-06T00:03:48Z,-33.9518280,151.2346160,28.6
2014-07-06T00:03:52Z,-33.9519100,151.2342560,28.6
2014-07-06T00:03:53Z,-33.9519710,151.2342050,28.6
2014-07-06T00:03:55Z,-33.9521260,151.2342010,28.6
2014-07-06T00:03:58Z,-33.9523570,151.2342540,28.6
2014-07-06T00:03:59Z,-33.9524380,151.2342700,28.6
2014-07-06T00:04:06Z,-33.9530260,151.2343670,28.6
2014-07-06T00:04:07Z,-33.9531090,151.2343580,28.6
2014-07-06T00:04:09Z,-33.9532380,151.2342540,28.6
2014-07-06T00:04:11Z,-33.9532750,151.2340690,28.6
2014-07-06T00:04:12Z,-33.9532820,151.2339690,28.6
2014-07-06T00:04:14Z,-33.9532800,151.2337750,28.6
2014-07-06T00:04:15Z,-33.9532460,151.2336890,28.6
2014-07-06T00:04:18Z,-33.9530550,151.2335740,28.6
2014-07-06T00:04:20Z,-33.9528680,151.2335640,28.6
2014-07-06T00:04:23Z,-33.9526280,151.2335460,28.6
2014-07-06T00:04:25Z,-33.9524680,151.2335320,28.2
2014-07-06T00:04:26Z,-33.9523900,151.2335200,27.8
2014-07-06T00:04:27Z,-33.9523160,151.2335090,27.2
2014-07-06T00:04:28Z,-33.9522390,151.2335010,26.8
2014-07-06T00:04:29Z,-33.9521620,151.2334900,26.2
2014-07-06T00:04:30Z,-33.9520870,151.2334880,26.2
2014-07-06T00:04:31Z,-33.9520090,151.2335020,26.2
2014-07-06T00:04:34Z,-33.9518900,151.2336960,26.2
2014-07-06T00:04:36Z,-33.9518700,151.2338900,26.2
2014-07-06T00:04:37Z,-33.9518550,151.2339870,26.6
2014-07-06T00:04:38Z,-33.9518300,151.2340800,27.2
2014-07-06T00:04:39Z,-33.9517980,151.2341640,27.6
2014-07-06T00:04:40Z,-33.9517510,151.2342420,28.0
2014-07-06T00:04:41Z,-33.9516920,151.2343060,28.4
2014-07-06T00:04:44Z,-33.9514830,151.2344140,28.4
2014-07-06T00:04:45Z,-33.9514060,151.2344220,28.0
2014-07-06T00:04:46Z,-33.9513260,151.2344150,27.6
2014-07-06T00:04:47Z,-33.9512430,151.2344070,27.0
2014-07-06T00:04:48Z,-33.9511610,151.2344020,26.6
2014-07-06T00:04:49Z,-33.9510820,151.2344040,26.2
2014-07-06T00:04:51Z,-33.9509200,151.2344320,26.2
2014-07-06T00:04:52Z,-33.9508430,151.2344590,26.2
2014-07-06T00:04:55Z,-33.9506240,151.2345620,26.2
2014-07-06T00:04:56Z,-33.9505540,151.2346170,26.2
2014-07-06T00:04:59Z,-33.9503740,151.2348010,26.2
2014-07-06T00:05:01Z,-33.9502720,151.2349500,26.2
2014-07-06T00:05:04Z,-33.9501130,151.2351740,26.2
2014-07-06T00:05:06Z,-33.9499850,151.2352910,26.2
2014-07-06T00:05:07Z,-33.9499130,151.2353360,26.6
2014-07-06T00:05:08Z,-33.9498420,151.2353720,27.0
2014-07-06T00:05:09Z,-33.9497680,151.2354010,27.6
2014-07-06T00:05:10Z,-33.9496950,151.2354190,28.0
2014-07-06T00:05:12Z,-33.9495430,151.2354390,28.4
2014-07-06T00:05:14Z,-33.9493750,151.2354410,28.0
2014-07-06T00:05:15Z,-33.9492910,151.2354440,27.4
2014-07-06T00:05:16Z,-33.9492050,151.2354560,27.0
2014-07-06T00:05:17Z,-33.9491210,151.2354810,26.6
2014-07-06T00:05:18Z,-33.9490390,151.2355190,26.0
2014-07-06T00:05:19Z,-33.9489680,151.2355720,26.4
2014-07-06T00:05:20Z,-33.9489060,151.2356340,26.8
2014-07-06T00:05:21Z,-33.9488450,151.2356980,27.4
2014-07-06T00:05:22Z,-33.9487850,151.2357640,27.8
2014-07-06T00:05:23Z,-33.9487260,151.2358340,28.2
2014-07-06T00:05:28Z,-33.9484560,151.2362010,28.2
2014-07-06T00:05:30Z,-33.9483720,151.2363280,28.6
2014-07-06T00:05:31Z,-33.9483310,151.2363860,29.0
2014-07-06T00:05:32Z,-33.9482880,151.2364460,29.6
2014-07-06T00:05:33Z,-33.9482450,151.2365020,30.4
2014-07-06T00:05:34Z,-33.9482010,151.2365590,31.0
2014-07-06T00:05:35Z,-33.9481540,151.2366150,31.8
2014-07-06T00:05:36Z,-33.9480970,151.2366690,32.4
2014-07-06T00:05:37Z,-33.9480300,151.2367170,32.0
2014-07-06T00:05:38Z,-33.9479510,151.2367480,31.6
2014-07-06T00:05:39Z,-33.9478670,151.2367640,30.8
2014-07-06T00:05:40Z,-33.9477810,151.2367650,30.0
2014-07-06T00:05:41Z,-33.9476950,151.2367540,29.2
2014-07-06T00:05:42Z,-33.9476050,151.2367360,28.4
2014-07-06T00:05:43Z,-33.9475220,151.2367170,27.6
2014-07-06T00:05:44Z,-33.9474420,151.2366900,26.8
2014-07-06T00:05:45Z,-33.9473720,151.2366500,26.0
2014-07-06T00:05:46Z,-33.9473100,151.2365930,25.4
2014-07-06T00:05:48Z,-33.9472730,151.2364060,25.4
2014-07-06T00:05:49Z,-33.9472780,151.2363060,25.8
2014-07-06T00:05:50Z,-33.9472920,151.2362010,26.2
2014-07-06T00:05:51Z,-33.9473050,151.2360990,26.6
2014-07-06T00:05:52Z,-33.9473190,151.2359970,27.0
2014-07-06T00:05:53Z,-33.9473320,151.2359020,27.4
2014-07-06T00:05:56Z,-33.9473650,151.2356120,27.4
2014-07-06T00:05:57Z,-33.9473540,151.2355190,27.4
2014-07-06T00:06:00Z,-33.9472080,151.2353500,27.4
2014-07-06T00:06:01Z,-33.9471450,151.2353510,28.0
2014-07-06T00:06:02Z,-33.9470920,151.2353920,28.6
2014-07-06T00:06:03Z,-33.9470500,151.2354420,29.2
2014-07-06T00:06:04Z,-33.9470160,151.2355050,29.6
2014-07-06T00:06:05Z,-33.9469930,151.2355770,30.2
2014-07-06T00:06:06Z,-33.9469750,151.2356650,30.2
2014-07-06T00:06:08Z,-33.9469540,151.2358520,30.2
2014-07-06T00:06:11Z,-33.9469210,151.2361540,30.2
2014-07-06T00:06:12Z,-33.9469220,151.2362660,30.2
2014-07-06T00:06:14Z,-33.9469600,151.2364800,30.2
2014-07-06T00:06:17Z,-33.9471230,151.2367420,30.2
2014-07-06T00:06:19Z,-33.9472750,151.2368460,30.2
2014-07-06T00:06:20Z,-33.9473620,151.2368720,30.2
2014-07-06T00:06:22Z,-33.9475380,151.2369000,30.2
2014-07-06T00:06:24Z,-33.9477150,151.2369280,30.2
2014-07-06T00:06:25Z,-33.9478030,151.2369410,30.2
2014-07-06T00:06:29Z,-33.9481450,151.2370050,30.2
2014-07-06T00:06:32Z,-33.9483800,151.2370440,30.2
2014-07-06T00:06:34Z,-33.9485330,151.2370630,30.2
2014-07-06T00:06:41Z,-33.9490960,151.2371240,30.2
2014-07-06T00:06:42Z,-33.9491770,151.2371370,30.2
2014-07-06T00:06:45Z,-33.9494290,151.2371780,30.6
2014-07-06T00:06:46Z,-33.9495140,151.2371940,31.0
2014-07-06T00:06:47Z,-33.9495980,151.2372080,31.4
2014-07-06T00:06:48Z,-33.9496790,151.2372240,32.0
2014-07-06T00:06:49Z,-33.9497610,151.2372400,32.4
2014-07-06T00:06:53Z,-33.9500950,151.2373020,32.4
2014-07-06T00:06:55Z,-33.9502600,151.2373330,32.4
2014-07-06T00:06:58Z,-33.9505050,151.2373820,31.8
2014-07-06T00:06:59Z,-33.9505890,151.2373970,31.4
2014-07-06T00:07:00Z,-33.9506660,151.2374100,30.8
2014-07-06T00:07:01Z,-33.9507520,151.2374260,30.4
2014-07-06T00:07:02Z,-33.9508340,151.2374410,29.8
2014-07-06T00:07:03Z,-33.9509120,151.2374500,29.8
2014-07-06T00:07:06Z,-33.9511490,151.2374820,29.8
2014-07-06T00:07:08Z,-33.9512900,151.2374310,29.8
2014-07-06T00:07:11Z,-33.9514740,151.2372480,29.8
2014-07-06T00:07:14Z,-33.9515690,151.2369800,29.8
2014-07-06T00:07:16Z,-33.9516020,151.2367750,29.8
2014-07-06T00:07:19Z,-33.9516380,151.2364800,29.4
2014-07-06T00:07:20Z,-33.9516480,151.2363820,28.8
2014-07-06T00:07:21Z,-33.9516560,151.2362850,28.4
2014-07-06T00:07:22Z,-33.9516670,151.2361900,27.8
2014-07-06T00:07:23Z,-33.9516770,151.2361000,27.4
2014-07-06T00:07:30Z,-33.9517340,151.2354510,27.4
2014-07-06T00:07:37Z,-33.9518030,151.2348060,27.4
2014-07-06T00:07:41Z,-33.9518430,151.2344420,27.4
2014-07-06T00:07:43Z,-33.9518970,151.2342790,27.4
2014-07-06T00:07:45Z,-33.9520120,151.2341850,27.4
2014-07-06T00:07:48Z,-33.9522330,151.2341890,27.4
2014-07-06T00:07:50Z,-33.9523900,151.2342150,27.4
2014-07-06T00:07:51Z,-33.9524700,151.2342300,27.8
2014-07-06T00:07:52Z,-33.9525470,151.2342450,28.2
2014-07-06T00:07:53Z,-33.9526230,151.2342600,28.8
2014-07-06T00:07:54Z,-33.9526990,151.2342720,29.2
2014-07-06T00:07:55Z,-33.9527820,151.2342870,29.6
2014-07-06T00:07:59Z,-33.9530970,151.2343350,29.6
2014-07-06T00:08:00Z,-33.9531720,151.2343100,29.6
2014-07-06T00:08:02Z,-33.9532650,151.2341720,29.6
2014-07-06T00:08:05Z,-33.9532930,151.2338860,29.6
2014-07-06T00:08:08Z,-33.9532290,151.2336340,29.6
2014-07-06T00:08:11Z,-33.9529850,151.2335670,29.6
2014-07-06T00:08:13Z,-33.9528100,151.2335450,29.6
2014-07-06T00:08:17Z,-33.9524890,151.2335090,29.6
2014-07-06T00:08:21Z,-33.9521700,151.2334660,29.2
2014-07-06T00:08:22Z,-33.9520920,151.2334670,28.8
2014-07-06T00:08:23Z,-33.9520170,151.2334890,28.2
2014-07-06T00:08:24Z,-33.9519620,151.2335440,27.8
2014-07-06T00:08:25Z,-33.9519250,151.2336250,27.4
2014-07-06T00:08:26Z,-33.9519020,151.2337230,27.4
2014-07-06T00:08:28Z,-33.9518770,151.2339280,27.4
2014-07-06T00:08:30Z,-33.9518290,151.2341130,27.4
2014-07-06T00:08:34Z,-33.9515770,151.2343640,27.4
2014-07-06T00:08:37Z,-33.9513300,151.2343840,27.4
2014-07-06T00:08:38Z,-33.9512430,151.2343870,27.4
2014-07-06T00:08:40Z,-33.9510750,151.2344080,27.4
2014-07-06T00:08:42Z,-33.9509000,151.2344540,27.4
2014-07-06T00:08:44Z,-33.9507150,151.2345430,27.4
2014-07-06T00:08:46Z,-33.9505360,151.2346460,27.4
2014-07-06T00:08:50Z,-33.9502630,151.2349250,27.4
2014-07-06T00:08:52Z,-33.9501380,151.2350810,27.4
2014-07-06T00:08:54Z,-33.9499960,151.2352070,27.4
2014-07-06T00:08:57Z,-33.9497730,151.2353330,27.4
2014-07-06T00:08:58Z,-33.9496940,151.2353570,27.4
2014-07-06T00:09:00Z,-33.9495260,151.2353760,27.4
2014-07-06T00:09:01Z,-33.9494320,151.2353730,27.4
2014-07-06T00:09:03Z,-33.9492500,151.2354000,27.4
2014-07-06T00:09:05Z,-33.9490780,151.2354790,27.4
2014-07-06T00:09:08Z,-33.9488740,151.2356630,27.4
2014-07-06T00:09:15Z,-33.9484330,151.2361480,28.0
2014-07-06T00:09:16Z,-33.9483800,151.2362390,28.4
2014-07-06T00:09:17Z,-33.9483300,151.2363010,29.0
2014-07-06T00:09:18Z,-33.9482730,151.2363740,29.6
2014-07-06T00:09:19Z,-33.9482100,151.2364520,30.2
2014-07-06T00:09:20Z,-33.9481590,151.2365200,31.0
2014-07-06T00:09:21Z,-33.9481040,151.2365830,31.6
2014-07-06T00:09:22Z,-33.9480400,151.2366390,31.2
2014-07-06T00:09:23Z,-33.9479660,151.2366840,31.0
2014-07-06T00:09:24Z,-33.9478900,151.2367150,30.2
2014-07-06T00:09:25Z,-33.9478040,151.2367250,29.6
2014-07-06T00:09:26Z,-33.9477170,151.2367200,28.8
2014-07-06T00:09:27Z,-33.9476310,151.2367120,27.8
2014-07-06T00:09:28Z,-33.9475480,151.2366950,26.8
2014-07-06T00:09:29Z,-33.9474670,151.2366730,25.8
2014-07-06T00:09:30Z,-33.9473940,151.2366410,25.0
2014-07-06T00:09:31Z,-33.9473230,151.2365960,25.0
2014-07-06T00:09:33Z,-33.9472470,151.2364560,25.0
2014-07-06T00:09:34Z,-33.9472440,151.2363670,25.4
2014-07-06T00:09:35Z,-33.9472510,151.2362770,26.0
2014-07-06T00:09:36Z,-33.9472640,151.2361870,26.4
2014-07-06T00:09:37Z,-33.9472800,151.2360950,27.0
2014-07-06T00:09:38Z,-33.9472920,151.2360120,27.6
2014-07-06T00:09:44Z,-33.9473280,151.2355100,27.6
2014-07-06T00:09:47Z,-33.9472070,151.2353590,28.2
2014-07-06T00:09:49Z,-33.9470810,151.2353890,29.4
2014-07-06T00:09:50Z,-33.9470320,151.2354340,30.0
2014-07-06T00:09:52Z,-33.9469700,151.2355640,30.6
2014-07-06T00:09:53Z,-33.9469570,151.2356440,30.6
2014-07-06T00:09:54Z,-33.9469460,151.2357310,30.6
2014-07-06T00:09:59Z,-33.9468980,151.2361940,30.6
2014-07-06T00:10:00Z,-33.9468990,151.2362980,30.6
2014-07-06T00:10:02Z,-33.9469370,151.2365030,30.6
2014-07-06T00:10:05Z,-33.9470960,151.2367420,30.6
2014-07-06T00:10:08Z,-33.9473350,151.2368400,30.6
2014-07-06T00:10:10Z,-33.9475040,151.2368700,30.6
2014-07-06T00:10:15Z,-33.9479180,151.2369400,30.6
2014-07-06T00:10:20Z,-33.9483790,151.2370100,30.6
2014-07-06T00:10:25Z,-33.9489440,151.2370960,30.6
2014-07-06T00:10:26Z,-33.9490610,151.2371150,30.6
2014-07-06T00:10:29Z,-33.9494230,151.2371750,30.2
2014-07-06T00:10:30Z,-33.9495410,151.2371940,29.8
2014-07-06T00:10:31Z,-33.9496600,151.2372130,29.4
2014-07-06T00:10:32Z,-33.9497770,151.2372340,29.0
2014-07-06T00:10:33Z,-33.9498930,151.2372560,28.4
2014-07-06T00:10:37Z,-33.9503460,151.2373360,28.4
2014-07-06T00:10:40Z,-33.9506540,151.2373850,28.4
2014-07-06T00:10:42Z,-33.9508450,151.2374130,29.0
2014-07-06T00:10:43Z,-33.9509340,151.2374260,29.4
2014-07-06T00:10:44Z,-33.9510190,151.2374390,29.8
2014-07-06T00:10:45Z,-33.9511010,151.2374500,30.4
2014-07-06T00:10:46Z,-33.9511810,151.2374460,30.8
2014-07-06T00:10:49Z,-33.9513880,151.2373360,30.8
2014-07-06T00:10:52Z,-33.9515060,151.2371110,30.8
2014-07-06T00:10:55Z,-33.9515550,151.2368700,30.8
2014-07-06T00:10:56Z,-33.9515660,151.2367940,30.8
2014-07-06T00:11:01Z,-33.9516120,151.2364360,30.8
2014-07-06T00:11:04Z,-33.9516340,151.2362400,30.8
2014-07-06T00:11:13Z,-33.9516890,151.2357020,30.8
2014-07-06T00:11:18Z,-33.9517170,151.2354160,30.4
2014-07-06T00:11:19Z,-33.9517260,151.2353610,30.0
2014-07-06T00:11:20Z,-33.9517360,151.2353040,29.6
2014-07-06T00:11:21Z,-33.9517400,151.2352500,29.2
2014-07-06T00:11:22Z,-33.9517430,151.2351890,28.8
2014-07-06T00:11:28Z,-33.9517840,151.2348180,28.8
2014-07-06T00:11:35Z,-33.9518150,151.2344280,28.8
2014-07-06T00:11:38Z,-33.9518210,151.2342790,28.8
2014-07-06T00:11:40Z,-33.9517990,151.2341960,28.8
2014-07-06T00:11:41Z,-33.9517660,151.2341950,28.8
2014-07-06T00:11:46Z,-33.9516030,151.2343360,28.8
2014-07-06T00:11:49Z,-33.9514630,151.2343880,28.8
2014-07-06T00:11:50Z,-33.9514130,151.2343970,28.8
