2014-07-19T02:44:26Z,-34.9444660,150.5289480,117.0
2014-07-19T02:44:27Z,-34.9444320,150.5289720,117.0
2014-07-19T02:44:28Z,-34.9443850,150.5290040,117.0
2014-07-19T02:44:29Z,-34.9443380,150.5290370,117.0
2014-07-19T02:44:30Z,-34.9442830,150.5290760,117.0
2014-07-19T02:44:32Z,-34.9441540,150.5291690,117.0
2014-07-19T02:44:33Z,-34.9440830,150.5292200,117.0
2014-07-19T02:44:35Z,-34.9439350,150.5293280,117.0
2014-07-19T02:44:37Z,-34.9437810,150.5294360,116.6
2014-07-19T02:44:38Z,-34.9437030,150.5294900,116.2
2014-07-19T02:44:39Z,-34.9436230,150.5295460,115.8
2014-07-19T02:44:40Z,-34.9435440,150.5296010,115.4
2014-07-19T02:44:41Z,-34.9434610,150.5296590,115.0
2014-07-19T02:44:47Z,-34.9429590,150.5300180,114.4
2014-07-19T02:44:48Z,-34.9428710,150.5300770,114.0
2014-07-19T02:44:49Z,-34.9427780,150.5301360,113.6
2014-07-19T02:44:50Z,-34.9426850,150.5301930,113.0
2014-07-19T02:44:51Z,-34.9425900,150.5302470,112.4
2014-07-19T02:44:52Z,-34.9424870,150.5302950,112.0
2014-07-19T02:44:53Z,-34.9423820,150.5303200,111.4
2014-07-19T02:44:54Z,-34.9422730,150.5303350,110.8
2014-07-19T02:44:55Z,-34.9421730,150.5303320,110.4
2014-07-19T02:44:57Z,-34.9419740,150.5302950,110.4
2014-07-19T02:45:00Z,-34.9417690,150.5301120,110.4
2014-07-19T02:45:02Z,-34.9417580,150.5299050,110.4
2014-07-19T02:45:03Z,-34.9417740,150.5298030,110.8
2014-07-19T02:45:04Z,-34.9417900,150.5296900,110.8
2014-07-19T02:45:05Z,-34.9418020,150.5295850,111.4
2014-07-19T02:45:06Z,-34.9418140,150.5294790,111.8
2014-07-19T02:45:07Z,-34.9418270,150.5293700,112.2
2014-07-19T02:45:08Z,-34.9418380,150.5292640,112.8
2014-07-19T02:45:13Z,-34.9418420,150.5287420,112.8
2014-07-19T02:45:17Z,-34.9418240,150.5283470,112.8
2014-07-19T02:45:19Z,-34.9418160,150.5281510,113.2
2014-07-19T02:45:20Z,-34.9418090,150.5280530,113.8
2014-07-19T02:45:21Z,-34.9418050,150.5279540,114.2
2014-07-19T02:45:22Z,-34.9418000,150.5278560,114.6
2014-07-19T02:45:23Z,-34.9417950,150.5277570,115.2
2014-07-19T02:45:28Z,-34.9417640,150.5272740,115.2
2014-07-19T02:45:30Z,-34.9417490,150.5270960,115.2
2014-07-19T02:45:36Z,-34.9417260,150.5265410,115.6
2014-07-19T02:45:37Z,-34.9417200,150.5264490,116.0
2014-07-19T02:45:38Z,-34.9417150,150.5263580,116.4
2014-07-19T02:45:39Z,-34.9417110,150.5262710,116.8
2014-07-19T02:45:40Z,-34.9417080,150.5261810,117.4
2014-07-19T02:45:48Z,-34.9416730,150.5254920,117.4
2014-07-19T02:45:52Z,-34.9416560,150.5251630,117.8
2014-07-19T02:45:53Z,-34.9416530,150.5250780,118.2
2014-07-19T02:45:54Z,-34.9416510,150.5249960,118.6
2014-07-19T02:45:55Z,-34.9416490,150.5249150,119.0
2014-07-19T02:45:56Z,-34.9416450,150.5248320,119.6
2014-07-19T02:45:57Z,-34.9416400,150.5247500,120.2
2014-07-19T02:45:58Z,-34.9416360,150.5246690,120.6
2014-07-19T02:45:59Z,-34.9416300,150.5245840,121.2
2014-07-19T02:46:00Z,-34.9416250,150.5245030,121.8
2014-07-19T02:46:01Z,-34.9416230,150.5244160,122.2
2014-07-19T02:46:02Z,-34.9416210,150.5243360,122.6
2014-07-19T02:46:03Z,-34.9416190,150.5242560,123.2
2014-07-19T02:46:04Z,-34.9416160,150.5241830,123.6
2014-07-19T02:46:05Z,-34.9416090,150.5241060,124.0
2014-07-19T02:46:06Z,-34.9416020,150.5240280,124.0
2014-07-19T02:46:07Z,-34.9415910,150.5239480,124.0
2014-07-19T02:46:11Z,-34.9415860,150.5236220,124.0
2014-07-19T02:46:13Z,-34.9415810,150.5234510,124.4
2014-07-19T02:46:14Z,-34.9415770,150.5233670,125.0
2014-07-19T02:46:15Z,-34.9415740,150.5232830,125.6
2014-07-19T02:46:16Z,-34.9415700,150.5232010,126.2
2014-07-19T02:46:17Z,-34.9415630,150.5231200,126.8
2014-07-19T02:46:22Z,-34.9415410,150.5227110,127.2
2014-07-19T02:46:23Z,-34.9415390,150.5226280,127.6
2014-07-19T02:46:24Z,-34.9415360,150.5225430,128.0
2014-07-19T02:46:25Z,-34.9415320,150.5224560,128.4
2014-07-19T02:46:26Z,-34.9415280,150.5223750,128.8
2014-07-19T02:46:28Z,-34.9415210,150.5222060,129.2
2014-07-19T02:46:29Z,-34.9415170,150.5221230,129.6
2014-07-19T02:46:30Z,-34.9415130,150.5220400,130.0
2014-07-19T02:46:31Z,-34.9415080,150.5219600,130.4
2014-07-19T02:46:32Z,-34.9415040,150.5218770,130.8
2014-07-19T02:46:34Z,-34.9414950,150.5217090,130.8
2014-07-19T02:46:38Z,-34.9414740,150.5213750,131.4
2014-07-19T02:46:39Z,-34.9414710,150.5212940,131.8
2014-07-19T02:46:40Z,-34.9414680,150.5212100,132.2
2014-07-19T02:46:41Z,-34.9414600,150.5211240,132.6
2014-07-19T02:46:42Z,-34.9414540,150.5210400,133.0
2014-07-19T02:46:44Z,-34.9414450,150.5208790,133.0
2014-07-19T02:46:48Z,-34.9414520,150.5205540,133.4
2014-07-19T02:46:49Z,-34.9414550,150.5204750,133.8
2014-07-19T02:46:50Z,-34.9414570,150.5203960,134.4
2014-07-19T02:46:51Z,-34.9414600,150.5203190,134.8
2014-07-19T02:46:52Z,-34.9414610,150.5202390,135.2
2014-07-19T02:46:56Z,-34.9414830,150.5199420,135.6
2014-07-19T02:46:57Z,-34.9414930,150.5198660,136.0
2014-07-19T02:46:58Z,-34.9415010,150.5197920,136.4
2014-07-19T02:46:59Z,-34.9415080,150.5197110,136.8
2014-07-19T02:47:00Z,-34.9415180,150.5196360,137.2
2014-07-19T02:47:06Z,-34.9416030,150.5191600,137.6
2014-07-19T02:47:07Z,-34.9416270,150.5190790,138.0
2014-07-19T02:47:08Z,-34.9416480,150.5190040,138.6
2014-07-19T02:47:09Z,-34.9416680,150.5189260,139.0
2014-07-19T02:47:10Z,-34.9416910,150.5188460,139.4
2014-07-19T02:47:18Z,-34.9418710,150.5182230,139.4
2014-07-19T02:47:26Z,-34.9421240,150.5176260,139.4
2014-07-19T02:47:34Z,-34.9423960,150.5170440,139.4
2014-07-19T02:47:36Z,-34.9424710,150.5169050,139.4
2014-07-19T02:47:44Z,-34.9428060,150.5164020,139.4
2014-07-19T02:47:52Z,-34.9431920,150.5159280,139.4
2014-07-19T02:47:56Z,-34.9434000,150.5157110,140.0
2014-07-19T02:47:57Z,-34.9434540,150.5156590,140.6
2014-07-19T02:47:58Z,-34.9435080,150.5156060,141.2
2014-07-19T02:47:59Z,-34.9435610,150.5155530,141.6
2014-07-19T02:48:00Z,-34.9436090,150.5155040,142.2
2014-07-19T02:48:02Z,-34.9437130,150.5154150,141.8
2014-07-19T02:48:03Z,-34.9437690,150.5153670,141.4
2014-07-19T02:48:04Z,-34.9438210,150.5153220,141.0
2014-07-19T02:48:05Z,-34.9438740,150.5152780,140.6
2014-07-19T02:48:06Z,-34.9439290,150.5152360,140.2
2014-07-19T02:48:12Z,-34.9442740,150.5149880,140.2
2014-07-19T02:48:15Z,-34.9444600,150.5148730,140.6
2014-07-19T02:48:16Z,-34.9445250,150.5148380,141.0
2014-07-19T02:48:17Z,-34.9445890,150.5148040,141.6
2014-07-19T02:48:18Z,-34.9446500,150.5147730,142.0
2014-07-19T02:48:19Z,-34.9447120,150.5147410,142.4
2014-07-19T02:48:21Z,-34.9448330,150.5146820,142.4
2014-07-19T02:48:24Z,-34.9450310,150.5146050,142.4
2014-07-19T02:48:29Z,-34.9453800,150.5144770,142.4
2014-07-19T02:48:33Z,-34.9456540,150.5144060,142.4
2014-07-19T02:48:36Z,-34.9458600,150.5143510,142.4
2014-07-19T02:48:37Z,-34.9459270,150.5143350,142.8
2014-07-19T02:48:38Z,-34.9459970,150.5143200,143.4
2014-07-19T02:48:39Z,-34.9460710,150.5143120,143.8
2014-07-19T02:48:40Z,-34.9461390,150.5143020,144.2
2014-07-19T02:48:41Z,-34.9462080,150.5142940,144.6
2014-07-19T02:48:43Z,-34.9463530,150.5142780,144.6
2014-07-19T02:48:49Z,-34.9467820,150.5142630,144.6
2014-07-19T02:48:56Z,-34.9472750,150.5143020,144.6
2014-07-19T02:49:04Z,-34.9478490,150.5143840,144.6
2014-07-19T02:49:05Z,-34.9479240,150.5143950,144.6
2014-07-19T02:49:08Z,-34.9481410,150.5144220,145.4
2014-07-19T02:49:09Z,-34.9482110,150.5144320,145.8
2014-07-19T02:49:10Z,-34.9482790,150.5144410,146.2
2014-07-19T02:49:11Z,-34.9483500,150.5144490,146.6
2014-07-19T02:49:15Z,-34.9486270,150.5144870,146.6
2014-07-19T02:49:23Z,-34.9492040,150.5145600,146.6
2014-07-19T02:49:31Z,-34.9497880,150.5146410,146.6
2014-07-19T02:49:33Z,-34.9499320,150.5146590,146.6
2014-07-19T02:49:41Z,-34.9505250,150.5147320,146.6
2014-07-19T02:49:46Z,-34.9508820,150.5147570,146.6
2014-07-19T02:49:54Z,-34.9514670,150.5147420,146.6
2014-07-19T02:49:56Z,-34.9516100,150.5147270,146.6
2014-07-19T02:50:04Z,-34.9521790,150.5146430,146.6
2014-07-19T02:50:07Z,-34.9523900,150.5146080,147.0
2014-07-19T02:50:08Z,-34.9524600,150.5145940,147.4
2014-07-19T02:50:09Z,-34.9525330,150.5145780,147.8
2014-07-19T02:50:10Z,-34.9526020,150.5145620,148.2
2014-07-19T02:50:11Z,-34.9526710,150.5145440,148.8
2014-07-19T02:50:16Z,-34.9530050,150.5144220,148.8
2014-07-19T02:50:24Z,-34.9535050,150.5141700,148.8
2014-07-19T02:50:25Z,-34.9535670,150.5141390,148.8
2014-07-19T02:50:26Z,-34.9536320,150.5141060,148.8
2014-07-19T02:50:34Z,-34.9541790,150.5138540,148.8
2014-07-19T02:50:42Z,-34.9547360,150.5136020,148.8
2014-07-19T02:50:45Z,-34.9549500,150.5135070,148.8
2014-07-19T02:50:47Z,-34.9550900,150.5134340,148.8
2014-07-19T02:50:48Z,-34.9551580,150.5134020,148.8
2014-07-19T02:50:50Z,-34.9552960,150.5133440,148.8
2014-07-19T02:50:55Z,-34.9556470,150.5131840,148.8
2014-07-19T02:51:03Z,-34.9562030,150.5129210,148.8
2014-07-19T02:51:07Z,-34.9564850,150.5127890,148.8
2014-07-19T02:51:12Z,-34.9568370,150.5126360,148.8
2014-07-19T02:51:19Z,-34.9573240,150.5124150,148.8
2014-07-19T02:51:27Z,-34.9579060,150.5121580,148.8
2014-07-19T02:51:28Z,-34.9579790,150.5121230,148.8
2014-07-19T02:51:36Z,-34.9585520,150.5118530,148.8
2014-07-19T02:51:37Z,-34.9586230,150.5118210,149.2
2014-07-19T02:51:38Z,-34.9586920,150.5117890,149.6
2014-07-19T02:51:39Z,-34.9587640,150.5117510,150.2
2014-07-19T02:51:40Z,-34.9588330,150.5117150,150.6
2014-07-19T02:51:41Z,-34.9589030,150.5116790,151.0
2014-07-19T02:51:45Z,-34.9591740,150.5115270,151.0
2014-07-19T02:51:53Z,-34.9597090,150.5111960,151.0
2014-07-19T02:51:55Z,-34.9598430,150.5111090,151.0
2014-07-19T02:52:02Z,-34.9602980,150.5107530,151.0
2014-07-19T02:52:09Z,-34.9607410,150.5103560,151.0
2014-07-19T02:52:10Z,-34.9608030,150.5102970,151.0
2014-07-19T02:52:17Z,-34.9612210,150.5098680,151.0
2014-07-19T02:52:18Z,-34.9612800,150.5098070,151.0
2014-07-19T02:52:25Z,-34.9616970,150.5093720,151.0
2014-07-19T02:52:29Z,-34.9619280,150.5091300,151.0
2014-07-19T02:52:37Z,-34.9623790,150.5086580,151.0
2014-07-19T02:52:41Z,-34.9626100,150.5084210,151.0
2014-07-19T02:52:49Z,-34.9630710,150.5079340,151.0
2014-07-19T02:52:52Z,-34.9632420,150.5077490,151.0
2014-07-19T02:53:00Z,-34.9636710,150.5072740,151.0
2014-07-19T02:53:02Z,-34.9637790,150.5071610,151.0
2014-07-19T02:53:08Z,-34.9641020,150.5068190,151.4
2014-07-19T02:53:09Z,-34.9641570,150.5067590,151.8
2014-07-19T02:53:10Z,-34.9642140,150.5066980,152.2
2014-07-19T02:53:11Z,-34.9642720,150.5066370,152.6
2014-07-19T02:53:12Z,-34.9643300,150.5065780,153.0
2014-07-19T02:53:13Z,-34.9643890,150.5065190,153.0
2014-07-19T02:53:15Z,-34.9645090,150.5063990,153.4
2014-07-19T02:53:16Z,-34.9645690,150.5063390,153.8
2014-07-19T02:53:17Z,-34.9646280,150.5062780,154.4
2014-07-19T02:53:18Z,-34.9646940,150.5062150,154.8
2014-07-19T02:53:19Z,-34.9647520,150.5061520,155.2
2014-07-19T02:53:22Z,-34.9649250,150.5059730,155.2
2014-07-19T02:53:30Z,-34.9653900,150.5054980,155.2
2014-07-19T02:53:38Z,-34.9658510,150.5050040,155.2
2014-07-19T02:53:39Z,-34.9659080,150.5049460,155.2
2014-07-19T02:53:46Z,-34.9663140,150.5045290,155.6
2014-07-19T02:53:47Z,-34.9663720,150.5044730,156.0
2014-07-19T02:53:48Z,-34.9664300,150.5044140,156.6
2014-07-19T02:53:49Z,-34.9665030,150.5043660,157.0
2014-07-19T02:53:50Z,-34.9665680,150.5043120,157.6
2014-07-19T02:53:52Z,-34.9666820,150.5042080,158.0
2014-07-19T02:53:53Z,-34.9667320,150.5041510,158.4
2014-07-19T02:53:54Z,-34.9667820,150.5040870,158.8
2014-07-19T02:53:55Z,-34.9668360,150.5040200,159.2
2014-07-19T02:53:56Z,-34.9668870,150.5039580,159.6
2014-07-19T02:54:01Z,-34.9671530,150.5036670,159.6
2014-07-19T02:54:04Z,-34.9673080,150.5034910,160.0
2014-07-19T02:54:05Z,-34.9673620,150.5034340,160.4
2014-07-19T02:54:06Z,-34.9674170,150.5033760,161.0
2014-07-19T02:54:07Z,-34.9674700,150.5033190,161.4
2014-07-19T02:54:08Z,-34.9675220,150.5032610,161.8
2014-07-19T02:54:12Z,-34.9677300,150.5030460,161.8
2014-07-19T02:54:15Z,-34.9678860,150.5028820,162.2
2014-07-19T02:54:16Z,-34.9679380,150.5028260,162.8
2014-07-19T02:54:17Z,-34.9679900,150.5027700,163.2
2014-07-19T02:54:18Z,-34.9680390,150.5027180,163.6
2014-07-19T02:54:19Z,-34.9680930,150.5026600,164.0
2014-07-19T02:54:24Z,-34.9683560,150.5023960,164.4
2014-07-19T02:54:25Z,-34.9684080,150.5023420,164.8
2014-07-19T02:54:26Z,-34.9684580,150.5022910,165.4
2014-07-19T02:54:27Z,-34.9685090,150.5022380,165.8
2014-07-19T02:54:28Z,-34.9685590,150.5021850,166.4
2014-07-19T02:54:30Z,-34.9686610,150.5020790,166.8
2014-07-19T02:54:31Z,-34.9687130,150.5020230,167.2
2014-07-19T02:54:32Z,-34.9687650,150.5019670,167.6
2014-07-19T02:54:33Z,-34.9688160,150.5019120,168.0
2014-07-19T02:54:34Z,-34.9688670,150.5018590,168.6
2014-07-19T02:54:35Z,-34.9689140,150.5018100,168.6
2014-07-19T02:54:43Z,-34.9692710,150.5014440,168.6
2014-07-19T02:54:49Z,-34.9694950,150.5011890,169.0
2014-07-19T02:54:50Z,-34.9695300,150.5011470,169.6
2014-07-19T02:54:51Z,-34.9695580,150.5011090,170.0
2014-07-19T02:54:52Z,-34.9695890,150.5010670,170.4
2014-07-19T02:54:53Z,-34.9696190,150.5010180,171.0
2014-07-19T02:55:02Z,-34.9699580,150.5006170,171.0
2014-07-19T02:55:03Z,-34.9699910,150.5005740,171.6
2014-07-19T02:55:04Z,-34.9700270,150.5005300,172.2
2014-07-19T02:55:05Z,-34.9700600,150.5004890,172.8
2014-07-19T02:55:06Z,-34.9700920,150.5004470,173.4
2014-07-19T02:55:07Z,-34.9701280,150.5004080,174.0
2014-07-19T02:55:11Z,-34.9702600,150.5002330,174.0
2014-07-19T02:55:15Z,-34.9704060,150.5000640,174.4
2014-07-19T02:55:16Z,-34.9704430,150.5000180,174.8
2014-07-19T02:55:17Z,-34.9704770,150.4999740,175.2
2014-07-19T02:55:18Z,-34.9705080,150.4999260,175.8
2014-07-19T02:55:19Z,-34.9705330,150.4998780,176.2
2014-07-19T02:55:25Z,-34.9707000,150.4996290,176.6
2014-07-19T02:55:26Z,-34.9707320,150.4995840,177.2
2014-07-19T02:55:27Z,-34.9707640,150.4995380,177.6
2014-07-19T02:55:28Z,-34.9707930,150.4994880,178.0
2014-07-19T02:55:29Z,-34.9708230,150.4994370,178.6
2014-07-19T02:55:32Z,-34.9709210,150.4992920,179.0
2014-07-19T02:55:33Z,-34.9709540,150.4992440,179.6
2014-07-19T02:55:34Z,-34.9709860,150.4991930,180.0
2014-07-19T02:55:35Z,-34.9710220,150.4991430,180.6
2014-07-19T02:55:36Z,-34.9710590,150.4990920,181.0
2014-07-19T02:55:46Z,-34.9714050,150.4985930,181.0
2014-07-19T02:55:49Z,-34.9715100,150.4984290,181.4
2014-07-19T02:55:50Z,-34.9715440,150.4983770,182.0
2014-07-19T02:55:51Z,-34.9715810,150.4983260,182.4
2014-07-19T02:55:52Z,-34.9716190,150.4982740,182.8
2014-07-19T02:55:53Z,-34.9716530,150.4982260,183.2
2014-07-19T02:55:55Z,-34.9717230,150.4981290,183.2
2014-07-19T02:55:57Z,-34.9717910,150.4980320,183.6
2014-07-19T02:55:58Z,-34.9718230,150.4979820,184.0
2014-07-19T02:55:59Z,-34.9718550,150.4979310,184.4
2014-07-19T02:56:00Z,-34.9718890,150.4978790,185.0
2014-07-19T02:56:01Z,-34.9719250,150.4978250,185.4
2014-07-19T02:56:04Z,-34.9720340,150.4976660,185.4
2014-07-19T02:56:08Z,-34.9721720,150.4974540,185.8
2014-07-19T02:56:09Z,-34.9722080,150.4974020,186.2
2014-07-19T02:56:10Z,-34.9722430,150.4973500,186.6
2014-07-19T02:56:11Z,-34.9722790,150.4972990,187.0
2014-07-19T02:56:12Z,-34.9723140,150.4972480,187.4
2014-07-19T02:56:13Z,-34.9723500,150.4971940,187.4
2014-07-19T02:56:17Z,-34.9724820,150.4969890,187.8
2014-07-19T02:56:18Z,-34.9725150,150.4969320,188.2
2014-07-19T02:56:19Z,-34.9725460,150.4968770,188.8
2014-07-19T02:56:20Z,-34.9725760,150.4968230,189.2
2014-07-19T02:56:21Z,-34.9726040,150.4967690,189.6
2014-07-19T02:56:23Z,-34.9726640,150.4966560,189.6
2014-07-19T02:56:25Z,-34.9727270,150.4965230,190.0
2014-07-19T02:56:26Z,-34.9727610,150.4964620,190.4
2014-07-19T02:56:27Z,-34.9727920,150.4964070,190.8
2014-07-19T02:56:28Z,-34.9728260,150.4963520,191.2
2014-07-19T02:56:29Z,-34.9728580,150.4962930,191.6
2014-07-19T02:56:31Z,-34.9729130,150.4961750,192.0
2014-07-19T02:56:32Z,-34.9729400,150.4961180,192.4
2014-07-19T02:56:33Z,-34.9729660,150.4960600,192.8
2014-07-19T02:56:34Z,-34.9729920,150.4960010,193.2
2014-07-19T02:56:35Z,-34.9730190,150.4959480,193.6
2014-07-19T02:56:38Z,-34.9730870,150.4957950,194.0
2014-07-19T02:56:39Z,-34.9731080,150.4957470,194.4
2014-07-19T02:56:40Z,-34.9731300,150.4956990,194.8
2014-07-19T02:56:41Z,-34.9731520,150.4956520,195.2
2014-07-19T02:56:42Z,-34.9731720,150.4956050,195.6
2014-07-19T02:56:50Z,-34.9733350,150.4951860,196.2
2014-07-19T02:56:51Z,-34.9733540,150.4951260,196.6
2014-07-19T02:56:52Z,-34.9733720,150.4950700,197.0
2014-07-19T02:56:53Z,-34.9733910,150.4950150,197.6
2014-07-19T02:56:54Z,-34.9734110,150.4949600,198.0
2014-07-19T02:56:58Z,-34.9734810,150.4947370,198.4
2014-07-19T02:56:59Z,-34.9735000,150.4946810,199.0
2014-07-19T02:57:00Z,-34.9735150,150.4946320,199.4
2014-07-19T02:57:01Z,-34.9735320,150.4945780,199.8
2014-07-19T02:57:02Z,-34.9735480,150.4945250,200.4
2014-07-19T02:57:09Z,-34.9736530,150.4941280,200.8
2014-07-19T02:57:10Z,-34.9736640,150.4940710,201.2
2014-07-19T02:57:11Z,-34.9736780,150.4940130,201.6
2014-07-19T02:57:12Z,-34.9736930,150.4939550,202.0
2014-07-19T02:57:14Z,-34.9737230,150.4938380,202.4
2014-07-19T02:57:15Z,-34.9737370,150.4937800,202.8
2014-07-19T02:57:16Z,-34.9737540,150.4937190,203.4
2014-07-19T02:57:17Z,-34.9737670,150.4936600,203.8
2014-07-19T02:57:18Z,-34.9737790,150.4936050,204.2
2014-07-19T02:57:19Z,-34.9737930,150.4935480,204.6
2014-07-19T02:57:21Z,-34.9738270,150.4934330,204.6
2014-07-19T02:57:25Z,-34.9738830,150.4932060,205.0
2014-07-19T02:57:26Z,-34.9738980,150.4931460,205.4
2014-07-19T02:57:27Z,-34.9739070,150.4930910,205.8
2014-07-19T02:57:28Z,-34.9739180,150.4930330,206.2
2014-07-19T02:57:29Z,-34.9739300,150.4929760,206.6
2014-07-19T02:57:33Z,-34.9739800,150.4927550,206.6
2014-07-19T02:57:35Z,-34.9740230,150.4926450,207.0
2014-07-19T02:57:36Z,-34.9740430,150.4925910,207.4
2014-07-19T02:57:37Z,-34.9740620,150.4925360,207.8
2014-07-19T02:57:38Z,-34.9740810,150.4924800,208.4
2014-07-19T02:57:39Z,-34.9740990,150.4924270,208.8
2014-07-19T02:57:43Z,-34.9741800,150.4922200,209.2
2014-07-19T02:57:44Z,-34.9742020,150.4921690,209.6
2014-07-19T02:57:45Z,-34.9742240,150.4921180,210.0
2014-07-19T02:57:46Z,-34.9742460,150.4920670,210.4
2014-07-19T02:57:47Z,-34.9742700,150.4920160,210.8
2014-07-19T02:57:51Z,-34.9743780,150.4918130,211.2
2014-07-19T02:57:52Z,-34.9744030,150.4917610,211.6
2014-07-19T02:57:53Z,-34.9744290,150.4917100,212.2
2014-07-19T02:57:54Z,-34.9744580,150.4916640,212.6
2014-07-19T02:57:55Z,-34.9744860,150.4916150,213.0
2014-07-19T02:58:00Z,-34.9746450,150.4913690,213.4
2014-07-19T02:58:01Z,-34.9746770,150.4913210,213.8
2014-07-19T02:58:02Z,-34.9747110,150.4912730,214.2
2014-07-19T02:58:03Z,-34.9747440,150.4912250,214.6
2014-07-19T02:58:04Z,-34.9747780,150.4911760,215.0
2014-07-19T02:58:13Z,-34.9751310,150.4907520,215.0
2014-07-19T02:58:14Z,-34.9751740,150.4907020,215.4
2014-07-19T02:58:15Z,-34.9752180,150.4906520,215.8
2014-07-19T02:58:16Z,-34.9752640,150.4906060,216.4
2014-07-19T02:58:17Z,-34.9753120,150.4905610,216.8
2014-07-19T02:58:19Z,-34.9754110,150.4904700,217.2
2014-07-19T02:58:21Z,-34.9755150,150.4903830,217.2
2014-07-19T02:58:30Z,-34.9760110,150.4900130,217.2
2014-07-19T02:58:38Z,-34.9765220,150.4896830,217.2
2014-07-19T02:58:39Z,-34.9765920,150.4896380,217.2
2014-07-19T02:58:42Z,-34.9768000,150.4895030,217.2
2014-07-19T02:58:44Z,-34.9769430,150.4894170,217.2
2014-07-19T02:58:48Z,-34.9772320,150.4892250,217.2
2014-07-19T02:58:49Z,-34.9773070,150.4891780,217.2
2014-07-19T02:58:52Z,-34.9775320,150.4890320,217.2
2014-07-19T02:58:59Z,-34.9780590,150.4886920,217.2
2014-07-19T02:59:06Z,-34.9785790,150.4883750,217.2
2014-07-19T02:59:07Z,-34.9786520,150.4883270,217.2
2014-07-19T02:59:14Z,-34.9791680,150.4879940,217.2
2014-07-19T02:59:16Z,-34.9793130,150.4879010,217.2
2014-07-19T02:59:23Z,-34.9797860,150.4875740,217.2
2014-07-19T02:59:31Z,-34.9802350,150.4871540,217.2
2014-07-19T02:59:33Z,-34.9803380,150.4870490,217.6
2014-07-19T02:59:34Z,-34.9803910,150.4869950,218.0
2014-07-19T02:59:35Z,-34.9804420,150.4869420,218.4
2014-07-19T02:59:36Z,-34.9804940,150.4868850,218.8
2014-07-19T02:59:37Z,-34.9805430,150.4868340,219.2
2014-07-19T02:59:40Z,-34.9806980,150.4866710,219.2
2014-07-19T02:59:44Z,-34.9808760,150.4864480,219.6
2014-07-19T02:59:45Z,-34.9809210,150.4863980,220.0
2014-07-19T02:59:46Z,-34.9809670,150.4863470,220.6
2014-07-19T02:59:47Z,-34.9810120,150.4862950,221.0
2014-07-19T02:59:48Z,-34.9810590,150.4862460,221.4
2014-07-19T02:59:51Z,-34.9811970,150.4860920,221.8
2014-07-19T02:59:52Z,-34.9812420,150.4860460,222.2
2014-07-19T02:59:53Z,-34.9812910,150.4859950,222.6
2014-07-19T02:59:54Z,-34.9813360,150.4859440,223.0
2014-07-19T02:59:55Z,-34.9813820,150.4858930,223.4
2014-07-19T02:59:56Z,-34.9814290,150.4858410,223.4
2014-07-19T03:00:01Z,-34.9816610,150.4855770,223.8
2014-07-19T03:00:02Z,-34.9817100,150.4855250,224.2
2014-07-19T03:00:03Z,-34.9817600,150.4854730,224.6
2014-07-19T03:00:04Z,-34.9818090,150.4854200,225.2
2014-07-19T03:00:05Z,-34.9818590,150.4853650,225.6
2014-07-19T03:00:06Z,-34.9819080,150.4853110,226.0
2014-07-19T03:00:07Z,-34.9819560,150.4852580,226.6
2014-07-19T03:00:08Z,-34.9820050,150.4852050,227.0
2014-07-19T03:00:09Z,-34.9820550,150.4851510,227.4
2014-07-19T03:00:10Z,-34.9821060,150.4850950,228.0
2014-07-19T03:00:17Z,-34.9824330,150.4847270,228.0
2014-07-19T03:00:21Z,-34.9826030,150.4845410,228.4
2014-07-19T03:00:22Z,-34.9826460,150.4844860,228.8
2014-07-19T03:00:24Z,-34.9827410,150.4843760,229.6
2014-07-19T03:00:25Z,-34.9827850,150.4843210,230.0
2014-07-19T03:00:34Z,-34.9832240,150.4838470,230.0
2014-07-19T03:00:36Z,-34.9833220,150.4837430,230.0
2014-07-19T03:00:37Z,-34.9833710,150.4836900,230.4
2014-07-19T03:00:38Z,-34.9834180,150.4836370,230.8
2014-07-19T03:00:39Z,-34.9834620,150.4835860,231.2
2014-07-19T03:00:40Z,-34.9835150,150.4835290,231.6
2014-07-19T03:00:41Z,-34.9835670,150.4834800,232.0
2014-07-19T03:00:42Z,-34.9836220,150.4834270,232.0
2014-07-19T03:00:44Z,-34.9837330,150.4833200,232.6
2014-07-19T03:00:45Z,-34.9837910,150.4832630,233.0
2014-07-19T03:00:46Z,-34.9838470,150.4832100,233.4
2014-07-19T03:00:47Z,-34.9839040,150.4831530,233.8
2014-07-19T03:00:48Z,-34.9839610,150.4830990,234.2
2014-07-19T03:00:50Z,-34.9840780,150.4829820,234.2
2014-07-19T03:00:58Z,-34.9845490,150.4825170,234.2
2014-07-19T03:00:59Z,-34.9846080,150.4824580,234.2
2014-07-19T03:01:05Z,-34.9849950,150.4820910,233.6
2014-07-19T03:01:06Z,-34.9850580,150.4820280,233.2
2014-07-19T03:01:07Z,-34.9851230,150.4819620,232.8
2014-07-19T03:01:08Z,-34.9851900,150.4818970,232.2
2014-07-19T03:01:09Z,-34.9852560,150.4818360,231.8
2014-07-19T03:01:15Z,-34.9856590,150.4814510,231.8
2014-07-19T03:01:22Z,-34.9861150,150.4810040,231.8
2014-07-19T03:01:23Z,-34.9861790,150.4809470,231.4
2014-07-19T03:01:24Z,-34.9862430,150.4808910,231.0
2014-07-19T03:01:25Z,-34.9862960,150.4808390,230.6
2014-07-19T03:01:26Z,-34.9863500,150.4807880,230.2
2014-07-19T03:01:28Z,-34.9864610,150.4806820,230.6
2014-07-19T03:01:29Z,-34.9865160,150.4806290,231.0
2014-07-19T03:01:30Z,-34.9865690,150.4805780,231.6
2014-07-19T03:01:31Z,-34.9866250,150.4805270,232.0
2014-07-19T03:01:32Z,-34.9866780,150.4804790,232.4
2014-07-19T03:01:35Z,-34.9868340,150.4803370,232.4
2014-07-19T03:01:36Z,-34.9868840,150.4802880,232.8
2014-07-19T03:01:37Z,-34.9869330,150.4802380,233.4
2014-07-19T03:01:38Z,-34.9869820,150.4801920,233.8
2014-07-19T03:01:39Z,-34.9870270,150.4801460,234.2
2014-07-19T03:01:40Z,-34.9870770,150.4800970,234.6
2014-07-19T03:01:44Z,-34.9872740,150.4799020,234.6
2014-07-19T03:01:53Z,-34.9877150,150.4794780,235.0
2014-07-19T03:01:54Z,-34.9877660,150.4794310,235.4
2014-07-19T03:01:55Z,-34.9878150,150.4793850,235.8
2014-07-19T03:01:56Z,-34.9878650,150.4793390,236.2
2014-07-19T03:01:57Z,-34.9879130,150.4792920,236.6
2014-07-19T03:02:04Z,-34.9882220,150.4789600,236.6
2014-07-19T03:02:12Z,-34.9886250,150.4785830,236.6
2014-07-19T03:02:19Z,-34.9890520,150.4781910,236.6
2014-07-19T03:02:25Z,-34.9894410,150.4778480,236.6
2014-07-19T03:02:32Z,-34.9898720,150.4774790,236.6
2014-07-19T03:02:36Z,-34.9901060,150.4772860,237.2
2014-07-19T03:02:37Z,-34.9901680,150.4772380,237.6
2014-07-19T03:02:38Z,-34.9902310,150.4771950,238.0
2014-07-19T03:02:39Z,-34.9902940,150.4771520,238.4
2014-07-19T03:02:40Z,-34.9903540,150.4771120,238.8
2014-07-19T03:02:43Z,-34.9905360,150.4769840,238.8
2014-07-19T03:02:45Z,-34.9906500,150.4769040,238.8
2014-07-19T03:02:46Z,-34.9907080,150.4768640,239.4
2014-07-19T03:02:47Z,-34.9907680,150.4768220,240.0
2014-07-19T03:02:48Z,-34.9908320,150.4767780,240.6
2014-07-19T03:02:49Z,-34.9908970,150.4767350,241.0
2014-07-19T03:02:50Z,-34.9909620,150.4766920,241.6
2014-07-19T03:02:51Z,-34.9910250,150.4766520,242.0
2014-07-19T03:02:52Z,-34.9910870,150.4766090,242.4
2014-07-19T03:02:53Z,-34.9911460,150.4765700,242.8
2014-07-19T03:02:54Z,-34.9912130,150.4765270,243.2
2014-07-19T03:02:55Z,-34.9912790,150.4764850,243.6
2014-07-19T03:02:57Z,-34.9914150,150.4764020,243.6
2014-07-19T03:02:59Z,-34.9915470,150.4763230,243.6
2014-07-19T03:03:00Z,-34.9916190,150.4762890,243.6
2014-07-19T03:03:05Z,-34.9919850,150.4760770,243.6
2014-07-19T03:03:08Z,-34.9922090,150.4759490,243.6
2014-07-19T03:03:15Z,-34.9927780,150.4756670,243.6
2014-07-19T03:03:16Z,-34.9928620,150.4756250,243.6
2014-07-19T03:03:17Z,-34.9929410,150.4755890,243.2
2014-07-19T03:03:18Z,-34.9930220,150.4755530,242.8
2014-07-19T03:03:19Z,-34.9931000,150.4755170,242.2
2014-07-19T03:03:20Z,-34.9931780,150.4754830,241.8
2014-07-19T03:03:21Z,-34.9932560,150.4754510,241.4
2014-07-19T03:03:24Z,-34.9934870,150.4753650,241.4
2014-07-19T03:03:26Z,-34.9936400,150.4753070,241.0
2014-07-19T03:03:27Z,-34.9937100,150.4752780,240.6
2014-07-19T03:03:28Z,-34.9937830,150.4752490,240.2
2014-07-19T03:03:29Z,-34.9938550,150.4752220,239.8
2014-07-19T03:03:30Z,-34.9939230,150.4751980,239.4
2014-07-19T03:03:37Z,-34.9943810,150.4750300,239.4
2014-07-19T03:03:38Z,-34.9944470,150.4750050,239.4
2014-07-19T03:03:40Z,-34.9945880,150.4749650,239.8
2014-07-19T03:03:41Z,-34.9946660,150.4749460,240.2
2014-07-19T03:03:42Z,-34.9947410,150.4749250,241.0
2014-07-19T03:03:43Z,-34.9948150,150.4749030,242.0
2014-07-19T03:03:44Z,-34.9948790,150.4748800,242.8
2014-07-19T03:03:45Z,-34.9949500,150.4748560,243.6
2014-07-19T03:03:46Z,-34.9950320,150.4748340,244.4
2014-07-19T03:03:50Z,-34.9953500,150.4747480,244.4
2014-07-19T03:03:57Z,-34.9959120,150.4745700,244.4
2014-07-19T03:04:00Z,-34.9961600,150.4744950,244.4
2014-07-19T03:04:06Z,-34.9966590,150.4743540,244.0
2014-07-19T03:04:07Z,-34.9967380,150.4743290,243.6
2014-07-19T03:04:08Z,-34.9968180,150.4743040,243.2
2014-07-19T03:04:09Z,-34.9968970,150.4742810,242.6
2014-07-19T03:04:10Z,-34.9969760,150.4742580,242.2
2014-07-19T03:04:16Z,-34.9974470,150.4741550,241.8
2014-07-19T03:04:17Z,-34.9975270,150.4741450,241.2
2014-07-19T03:04:18Z,-34.9976070,150.4741370,240.6
2014-07-19T03:04:19Z,-34.9976830,150.4741270,240.2
2014-07-19T03:04:20Z,-34.9977610,150.4741180,239.6
2014-07-19T03:04:21Z,-34.9978360,150.4741140,239.6
2014-07-19T03:04:22Z,-34.9979160,150.4741080,239.6
2014-07-19T03:04:23Z,-34.9979950,150.4741020,240.0
2014-07-19T03:04:24Z,-34.9980750,150.4740960,240.2
2014-07-19T03:04:25Z,-34.9981560,150.4740920,240.6
2014-07-19T03:04:26Z,-34.9982350,150.4740910,241.0
2014-07-19T03:04:27Z,-34.9983170,150.4740910,240.6
2014-07-19T03:04:29Z,-34.9984890,150.4741030,239.8
2014-07-19T03:04:30Z,-34.9985700,150.4741100,239.4
2014-07-19T03:04:31Z,-34.9986510,150.4741200,239.0
2014-07-19T03:04:37Z,-34.9991530,150.4741890,239.0
2014-07-19T03:04:44Z,-34.9997120,150.4743650,239.0
2014-07-19T03:04:45Z,-34.9997930,150.4743960,238.6
2014-07-19T03:04:46Z,-34.9998730,150.4744280,238.0
2014-07-19T03:04:47Z,-34.9999520,150.4744590,237.6
2014-07-19T03:04:48Z,-35.0000310,150.4744890,237.2
2014-07-19T03:04:49Z,-35.0001090,150.4745230,236.6
2014-07-19T03:04:52Z,-35.0003440,150.4746140,236.6
2014-07-19T03:04:59Z,-35.0008790,150.4748780,236.6
2014-07-19T03:05:01Z,-35.0010350,150.4749560,236.6
2014-07-19T03:05:08Z,-35.0016300,150.4752500,236.6
2014-07-19T03:05:14Z,-35.0021410,150.4755020,236.6
2014-07-19T03:05:18Z,-35.0024860,150.4756610,236.6
2014-07-19T03:05:24Z,-35.0030420,150.4758910,236.2
2014-07-19T03:05:25Z,-35.0031320,150.4759230,235.6
2014-07-19T03:05:26Z,-35.0032180,150.4759520,235.0
2014-07-19T03:05:27Z,-35.0033090,150.4759800,234.6
2014-07-19T03:05:28Z,-35.0034000,150.4760060,234.0
2014-07-19T03:05:33Z,-35.0038650,150.4761220,234.0
2014-07-19T03:05:39Z,-35.0044030,150.4762050,234.0
2014-07-19T03:05:40Z,-35.0044920,150.4762150,234.0
2014-07-19T03:05:47Z,-35.0050720,150.4762810,234.0
2014-07-19T03:05:50Z,-35.0053150,150.4763130,234.0
2014-07-19T03:05:57Z,-35.0058890,150.4763790,234.0
2014-07-19T03:06:01Z,-35.0062170,150.4764240,234.0
2014-07-19T03:06:03Z,-35.0063740,150.4764480,234.4
2014-07-19T03:06:04Z,-35.0064560,150.4764590,234.8
2014-07-19T03:06:05Z,-35.0065340,150.4764670,235.2
2014-07-19T03:06:06Z,-35.0066170,150.4764750,235.8
2014-07-19T03:06:07Z,-35.0066970,150.4764850,236.2
2014-07-19T03:06:09Z,-35.0068610,150.4765030,236.2
2014-07-19T03:06:16Z,-35.0074500,150.4765710,236.2
2014-07-19T03:06:22Z,-35.0079770,150.4766320,236.2
2014-07-19T03:06:28Z,-35.0085200,150.4766960,236.2
2014-07-19T03:06:31Z,-35.0088050,150.4767270,236.2
2014-07-19T03:06:33Z,-35.0090040,150.4767480,235.8
2014-07-19T03:06:34Z,-35.0091030,150.4767590,235.2
2014-07-19T03:06:35Z,-35.0092020,150.4767700,234.8
2014-07-19T03:06:36Z,-35.0093060,150.4767800,234.4
2014-07-19T03:06:37Z,-35.0094070,150.4767920,233.8
2014-07-19T03:06:40Z,-35.0097010,150.4768270,233.8
2014-07-19T03:06:46Z,-35.0102760,150.4768970,233.8
2014-07-19T03:06:48Z,-35.0104630,150.4769180,233.4
2014-07-19T03:06:49Z,-35.0105590,150.4769270,232.8
2014-07-19T03:06:50Z,-35.0106470,150.4769350,232.0
2014-07-19T03:06:51Z,-35.0107360,150.4769420,231.4
2014-07-19T03:06:52Z,-35.0108250,150.4769480,230.6
2014-07-19T03:06:53Z,-35.0109100,150.4769490,229.8
2014-07-19T03:06:54Z,-35.0109940,150.4769490,229.0
2014-07-19T03:06:56Z,-35.0111600,150.4769460,229.6
2014-07-19T03:06:57Z,-35.0112390,150.4769440,230.2
2014-07-19T03:06:58Z,-35.0113230,150.4769400,230.6
2014-07-19T03:06:59Z,-35.0114040,150.4769360,231.2
2014-07-19T03:07:00Z,-35.0114850,150.4769290,231.8
2014-07-19T03:07:05Z,-35.0118920,150.4768780,231.2
2014-07-19T03:07:06Z,-35.0119690,150.4768680,230.8
2014-07-19T03:07:07Z,-35.0120480,150.4768560,230.2
2014-07-19T03:07:08Z,-35.0121250,150.4768390,229.6
2014-07-19T03:07:09Z,-35.0122040,150.4768230,230.0
2014-07-19T03:07:10Z,-35.0122790,150.4768070,230.4
2014-07-19T03:07:11Z,-35.0123590,150.4767900,230.8
2014-07-19T03:07:12Z,-35.0124390,150.4767730,231.2
2014-07-19T03:07:13Z,-35.0125180,150.4767520,231.6
2014-07-19T03:07:14Z,-35.0125990,150.4767300,231.6
2014-07-19T03:07:20Z,-35.0130330,150.4765910,231.6
2014-07-19T03:07:28Z,-35.0135910,150.4763440,231.6
2014-07-19T03:07:36Z,-35.0141400,150.4760540,231.6
2014-07-19T03:07:44Z,-35.0147020,150.4757590,231.6
2014-07-19T03:07:45Z,-35.0147800,150.4757240,231.6
2014-07-19T03:07:52Z,-35.0153400,150.4754470,231.6
2014-07-19T03:07:53Z,-35.0154170,150.4754110,231.6
2014-07-19T03:08:00Z,-35.0159880,150.4751270,231.6
2014-07-19T03:08:03Z,-35.0162400,150.4749990,231.6
2014-07-19T03:08:09Z,-35.0167320,150.4747480,231.6
2014-07-19T03:08:12Z,-35.0169730,150.4746160,231.6
2014-07-19T03:08:19Z,-35.0175290,150.4743420,231.6
2014-07-19T03:08:22Z,-35.0177600,150.4742290,231.6
2014-07-19T03:08:29Z,-35.0183080,150.4739590,232.0
2014-07-19T03:08:30Z,-35.0183860,150.4739200,232.4
2014-07-19T03:08:31Z,-35.0184610,150.4738830,232.8
2014-07-19T03:08:32Z,-35.0185330,150.4738380,233.2
2014-07-19T03:08:33Z,-35.0186030,150.4737910,233.6
2014-07-19T03:08:38Z,-35.0189560,150.4735520,233.6
2014-07-19T03:08:41Z,-35.0191710,150.4733960,234.0
2014-07-19T03:08:42Z,-35.0192400,150.4733400,234.6
2014-07-19T03:08:43Z,-35.0193060,150.4732850,235.0
2014-07-19T03:08:44Z,-35.0193740,150.4732290,235.4
2014-07-19T03:08:45Z,-35.0194440,150.4731740,236.0
2014-07-19T03:08:46Z,-35.0195110,150.4731180,236.0
2014-07-19T03:08:53Z,-35.0199870,150.4727170,236.0
2014-07-19T03:09:00Z,-35.0204540,150.4723450,236.0
2014-07-19T03:09:01Z,-35.0205190,150.4722910,236.0
2014-07-19T03:09:08Z,-35.0209810,150.4719070,236.0
2014-07-19T03:09:09Z,-35.0210500,150.4718510,236.0
2014-07-19T03:09:11Z,-35.0211880,150.4717360,236.4
2014-07-19T03:09:12Z,-35.0212580,150.4716790,236.8
2014-07-19T03:09:13Z,-35.0213240,150.4716230,237.2
2014-07-19T03:09:14Z,-35.0213900,150.4715670,237.8
2014-07-19T03:09:15Z,-35.0214580,150.4715130,238.2
2014-07-19T03:09:16Z,-35.0215260,150.4714610,238.2
2014-07-19T03:09:23Z,-35.0219870,150.4710790,238.2
2014-07-19T03:09:25Z,-35.0221150,150.4709770,238.2
2014-07-19T03:09:33Z,-35.0226050,150.4705700,238.2
2014-07-19T03:09:34Z,-35.0226710,150.4705170,238.2
2014-07-19T03:09:35Z,-35.0227300,150.4704640,238.6
2014-07-19T03:09:36Z,-35.0227910,150.4704140,239.0
2014-07-19T03:09:37Z,-35.0228530,150.4703630,239.4
2014-07-19T03:09:38Z,-35.0229170,150.4703120,240.0
2014-07-19T03:09:39Z,-35.0229770,150.4702630,240.4
2014-07-19T03:09:42Z,-35.0231620,150.4701150,240.4
2014-07-19T03:09:44Z,-35.0232840,150.4700100,240.8
2014-07-19T03:09:45Z,-35.0233430,150.4699600,241.2
2014-07-19T03:09:46Z,-35.0234060,150.4699090,241.6
2014-07-19T03:09:47Z,-35.0234660,150.4698650,242.0
2014-07-19T03:09:48Z,-35.0235280,150.4698160,242.4
2014-07-19T03:09:50Z,-35.0236520,150.4697170,242.4
2014-07-19T03:09:57Z,-35.0240470,150.4693460,242.4
2014-07-19T03:10:06Z,-35.0245240,150.4688930,242.4
2014-07-19T03:10:10Z,-35.0247360,150.4686680,242.8
2014-07-19T03:10:11Z,-35.0247920,150.4686100,243.2
2014-07-19T03:10:12Z,-35.0248450,150.4685490,243.8
2014-07-19T03:10:13Z,-35.0248980,150.4684860,244.2
2014-07-19T03:10:14Z,-35.0249520,150.4684240,244.6
2014-07-19T03:10:19Z,-35.0252060,150.4681320,244.6
2014-07-19T03:10:26Z,-35.0255980,150.4676640,244.6
2014-07-19T03:10:28Z,-35.0257030,150.4675400,245.0
2014-07-19T03:10:29Z,-35.0257560,150.4674810,245.4
2014-07-19T03:10:30Z,-35.0258060,150.4674250,245.8
2014-07-19T03:10:31Z,-35.0258570,150.4673710,246.2
2014-07-19T03:10:32Z,-35.0259040,150.4673210,246.6
2014-07-19T03:10:38Z,-35.0262010,150.4669580,246.6
2014-07-19T03:10:45Z,-35.0265440,150.4665440,247.0
2014-07-19T03:10:46Z,-35.0265900,150.4664860,247.4
2014-07-19T03:10:47Z,-35.0266370,150.4664250,247.8
2014-07-19T03:10:48Z,-35.0266810,150.4663670,248.4
2014-07-19T03:10:49Z,-35.0267240,150.4663100,248.8
2014-07-19T03:10:52Z,-35.0268610,150.4661150,248.8
2014-07-19T03:10:59Z,-35.0271620,150.4656050,248.8
2014-07-19T03:11:00Z,-35.0272030,150.4655350,249.2
2014-07-19T03:11:01Z,-35.0272390,150.4654650,249.6
2014-07-19T03:11:02Z,-35.0272700,150.4653950,250.2
2014-07-19T03:11:03Z,-35.0273070,150.4653220,250.6
2014-07-19T03:11:04Z,-35.0273410,150.4652440,251.0
2014-07-19T03:11:06Z,-35.0274080,150.4650910,251.0
2014-07-19T03:11:10Z,-35.0275200,150.4648090,251.6
2014-07-19T03:11:11Z,-35.0275420,150.4647430,252.0
2014-07-19T03:11:12Z,-35.0275590,150.4646780,252.4
2014-07-19T03:11:13Z,-35.0275730,150.4646110,252.8
2014-07-19T03:11:14Z,-35.0276010,150.4645420,253.4
2014-07-19T03:11:21Z,-35.0277130,150.4640190,253.4
2014-07-19T03:11:27Z,-35.0277750,150.4635490,253.4
2014-07-19T03:11:28Z,-35.0277820,150.4634720,253.4
2014-07-19T03:11:33Z,-35.0278000,150.4630580,253.8
2014-07-19T03:11:34Z,-35.0277950,150.4629670,254.2
2014-07-19T03:11:35Z,-35.0277940,150.4628740,254.6
2014-07-19T03:11:36Z,-35.0277970,150.4627930,255.0
2014-07-19T03:11:37Z,-35.0278030,150.4627110,255.4
2014-07-19T03:11:46Z,-35.0278440,150.4620200,256.0
2014-07-19T03:11:47Z,-35.0278480,150.4619460,256.4
2014-07-19T03:11:48Z,-35.0278520,150.4618730,257.0
2014-07-19T03:11:49Z,-35.0278580,150.4617980,257.6
2014-07-19T03:11:50Z,-35.0278660,150.4617290,258.2
2014-07-19T03:11:53Z,-35.0278920,150.4615250,258.6
2014-07-19T03:11:54Z,-35.0279010,150.4614580,259.0
2014-07-19T03:11:55Z,-35.0279120,150.4613950,259.4
2014-07-19T03:11:56Z,-35.0279220,150.4613290,259.8
2014-07-19T03:11:57Z,-35.0279360,150.4612640,260.2
2014-07-19T03:12:00Z,-35.0279780,150.4610750,260.6
2014-07-19T03:12:01Z,-35.0279920,150.4610130,261.2
2014-07-19T03:12:02Z,-35.0280060,150.4609540,261.6
2014-07-19T03:12:03Z,-35.0280220,150.4608940,262.2
2014-07-19T03:12:04Z,-35.0280370,150.4608380,262.6
2014-07-19T03:12:05Z,-35.0280560,150.4607790,263.0
2014-07-19T03:12:06Z,-35.0280730,150.4607230,263.4
2014-07-19T03:12:07Z,-35.0280900,150.4606620,263.8
2014-07-19T03:12:08Z,-35.0281070,150.4606040,264.2
2014-07-19T03:12:09Z,-35.0281260,150.4605460,264.6
2014-07-19T03:12:11Z,-35.0281690,150.4604260,265.0
2014-07-19T03:12:12Z,-35.0281890,150.4603710,265.6
2014-07-19T03:12:13Z,-35.0282110,150.4603150,266.0
2014-07-19T03:12:14Z,-35.0282330,150.4602580,266.4
2014-07-19T03:12:15Z,-35.0282530,150.4602040,266.8
2014-07-19T03:12:16Z,-35.0282720,150.4601470,267.2
2014-07-19T03:12:17Z,-35.0282880,150.4600900,267.6
2014-07-19T03:12:18Z,-35.0283060,150.4600340,268.0
2014-07-19T03:12:19Z,-35.0283260,150.4599780,268.4
2014-07-19T03:12:20Z,-35.0283450,150.4599230,268.8
2014-07-19T03:12:25Z,-35.0284480,150.4596430,268.8
2014-07-19T03:12:33Z,-35.0285990,150.4591640,268.8
2014-07-19T03:12:34Z,-35.0286200,150.4591040,269.2
2014-07-19T03:12:35Z,-35.0286410,150.4590450,269.6
2014-07-19T03:12:36Z,-35.0286560,150.4589870,270.0
2014-07-19T03:12:37Z,-35.0286720,150.4589250,270.4
2014-07-19T03:12:38Z,-35.0286890,150.4588640,270.8
2014-07-19T03:12:40Z,-35.0287230,150.4587420,270.8
2014-07-19T03:12:45Z,-35.0288070,150.4584550,271.2
2014-07-19T03:12:46Z,-35.0288220,150.4583980,271.8
2014-07-19T03:12:47Z,-35.0288370,150.4583400,272.2
2014-07-19T03:12:48Z,-35.0288550,150.4582830,272.6
2014-07-19T03:12:49Z,-35.0288740,150.4582260,273.0
2014-07-19T03:12:50Z,-35.0288950,150.4581680,273.0
2014-07-19T03:12:55Z,-35.0289930,150.4578800,273.4
2014-07-19T03:12:56Z,-35.0290120,150.4578260,273.8
2014-07-19T03:12:57Z,-35.0290320,150.4577700,274.4
2014-07-19T03:12:58Z,-35.0290550,150.4577100,274.8
2014-07-19T03:12:59Z,-35.0290670,150.4576520,275.2
2014-07-19T03:13:07Z,-35.0292400,150.4572310,275.6
2014-07-19T03:13:08Z,-35.0292620,150.4571800,276.0
2014-07-19T03:13:09Z,-35.0292820,150.4571340,276.4
2014-07-19T03:13:10Z,-35.0292990,150.4570830,276.8
2014-07-19T03:13:11Z,-35.0293190,150.4570300,277.2
2014-07-19T03:13:15Z,-35.0293910,150.4568070,277.2
2014-07-19T03:13:16Z,-35.0294070,150.4567530,277.8
2014-07-19T03:13:17Z,-35.0294260,150.4567020,278.2
2014-07-19T03:13:18Z,-35.0294440,150.4566480,278.6
2014-07-19T03:13:19Z,-35.0294620,150.4565940,279.0
2014-07-19T03:13:20Z,-35.0294810,150.4565380,279.6
2014-07-19T03:13:23Z,-35.0295440,150.4563670,279.6
2014-07-19T03:13:28Z,-35.0296310,150.4560890,280.0
2014-07-19T03:13:29Z,-35.0296440,150.4560310,280.4
2014-07-19T03:13:30Z,-35.0296570,150.4559680,281.0
2014-07-19T03:13:31Z,-35.0296700,150.4559100,281.4
2014-07-19T03:13:32Z,-35.0296850,150.4558510,282.0
2014-07-19T03:13:41Z,-35.0297920,150.4552970,282.4
2014-07-19T03:13:42Z,-35.0298040,150.4552320,282.8
2014-07-19T03:13:43Z,-35.0298190,150.4551660,283.2
2014-07-19T03:13:44Z,-35.0298310,150.4550990,283.6
2014-07-19T03:13:45Z,-35.0298440,150.4550340,284.0
2014-07-19T03:13:50Z,-35.0299420,150.4547310,284.0
2014-07-19T03:13:57Z,-35.0300550,150.4542540,284.0
2014-07-19T03:14:00Z,-35.0301270,150.4540530,284.4
2014-07-19T03:14:01Z,-35.0301570,150.4539840,284.8
2014-07-19T03:14:02Z,-35.0301790,150.4539180,285.2
2014-07-19T03:14:03Z,-35.0301980,150.4538530,285.6
2014-07-19T03:14:04Z,-35.0302210,150.4537830,286.2
2014-07-19T03:14:06Z,-35.0302760,150.4536540,286.2
2014-07-19T03:14:08Z,-35.0303340,150.4535220,286.2
2014-07-19T03:14:10Z,-35.0303870,150.4533820,286.2
2014-07-19T03:14:11Z,-35.0304140,150.4533210,286.2
2014-07-19T03:14:13Z,-35.0304750,150.4531940,286.2
2014-07-19T03:14:14Z,-35.0305000,150.4531310,286.2
2014-07-19T03:14:15Z,-35.0305300,150.4530710,286.6
2014-07-19T03:14:16Z,-35.0305650,150.4530140,287.0
2014-07-19T03:14:17Z,-35.0306000,150.4529590,287.4
2014-07-19T03:14:18Z,-35.0306370,150.4529060,287.8
2014-07-19T03:14:19Z,-35.0306690,150.4528500,288.4
2014-07-19T03:14:22Z,-35.0307700,150.4526840,288.8
2014-07-19T03:14:23Z,-35.0308080,150.4526300,289.2
2014-07-19T03:14:24Z,-35.0308420,150.4525770,289.6
2014-07-19T03:14:25Z,-35.0308770,150.4525240,290.0
2014-07-19T03:14:26Z,-35.0309150,150.4524740,290.4
2014-07-19T03:14:29Z,-35.0310320,150.4523250,290.4
2014-07-19T03:14:31Z,-35.0311010,150.4522240,291.0
2014-07-19T03:14:32Z,-35.0311300,150.4521770,291.4
2014-07-19T03:14:33Z,-35.0311640,150.4521310,292.0
2014-07-19T03:14:34Z,-35.0312000,150.4520860,292.4
2014-07-19T03:14:35Z,-35.0312350,150.4520400,293.0
2014-07-19T03:14:38Z,-35.0313380,150.4519090,293.4
2014-07-19T03:14:39Z,-35.0313740,150.4518660,293.8
2014-07-19T03:14:40Z,-35.0314130,150.4518220,294.2
2014-07-19T03:14:41Z,-35.0314560,150.4517760,294.6
2014-07-19T03:14:42Z,-35.0315010,150.4517370,295.0
2014-07-19T03:14:46Z,-35.0316410,150.4515790,295.6
2014-07-19T03:14:47Z,-35.0316760,150.4515360,296.0
2014-07-19T03:14:48Z,-35.0317030,150.4514930,296.4
2014-07-19T03:14:49Z,-35.0317260,150.4514550,297.0
2014-07-19T03:14:50Z,-35.0317520,150.4514200,297.4
2014-07-19T03:14:51Z,-35.0317780,150.4513870,297.8
2014-07-19T03:14:52Z,-35.0318080,150.4513530,298.4
2014-07-19T03:14:53Z,-35.0318370,150.4513210,298.8
2014-07-19T03:14:54Z,-35.0318650,150.4512890,299.2
2014-07-19T03:14:55Z,-35.0318910,150.4512550,299.6
2014-07-19T03:14:57Z,-35.0319570,150.4511820,300.2
2014-07-19T03:14:58Z,-35.0319880,150.4511480,300.6
2014-07-19T03:14:59Z,-35.0320190,150.4511120,301.4
2014-07-19T03:15:00Z,-35.0320500,150.4510740,302.0
2014-07-19T03:15:01Z,-35.0320750,150.4510380,302.8
2014-07-19T03:15:02Z,-35.0321070,150.4509990,303.4
2014-07-19T03:15:03Z,-35.0321390,150.4509610,304.2
2014-07-19T03:15:07Z,-35.0322600,150.4507950,304.2
2014-07-19T03:15:10Z,-35.0323410,150.4506720,304.2
2014-07-19T03:15:11Z,-35.0323770,150.4506370,304.2
2014-07-19T03:15:16Z,-35.0325310,150.4504450,304.2
2014-07-19T03:15:19Z,-35.0326190,150.4503120,304.6
2014-07-19T03:15:20Z,-35.0326550,150.4502720,305.0
2014-07-19T03:15:21Z,-35.0326910,150.4502260,305.6
2014-07-19T03:15:22Z,-35.0327230,150.4501820,306.0
2014-07-19T03:15:23Z,-35.0327620,150.4501410,306.4
2014-07-19T03:15:24Z,-35.0327990,150.4501030,306.4
2014-07-19T03:15:30Z,-35.0330200,150.4498650,306.8
2014-07-19T03:15:31Z,-35.0330520,150.4498200,307.2
2014-07-19T03:15:32Z,-35.0330790,150.4497780,307.6
2014-07-19T03:15:33Z,-35.0331050,150.4497330,308.0
2014-07-19T03:15:34Z,-35.0331300,150.4496900,308.4
2014-07-19T03:15:39Z,-35.0332760,150.4494590,308.4
2014-07-19T03:15:47Z,-35.0334970,150.4490470,309.0
2014-07-19T03:15:48Z,-35.0335270,150.4489900,309.4
2014-07-19T03:15:49Z,-35.0335560,150.4489350,309.8
2014-07-19T03:15:50Z,-35.0335820,150.4488760,310.2
2014-07-19T03:15:51Z,-35.0336120,150.4488190,310.6
2014-07-19T03:15:55Z,-35.0337210,150.4485840,310.6
2014-07-19T03:16:04Z,-35.0339630,150.4480260,310.6
2014-07-19T03:16:13Z,-35.0342030,150.4474380,310.6
2014-07-19T03:16:14Z,-35.0342280,150.4473660,311.0
2014-07-19T03:16:15Z,-35.0342560,150.4472940,311.4
2014-07-19T03:16:16Z,-35.0342810,150.4472230,311.8
2014-07-19T03:16:17Z,-35.0343000,150.4471500,312.4
2014-07-19T03:16:18Z,-35.0343310,150.4470800,312.8
2014-07-19T03:16:23Z,-35.0344570,150.4467340,312.8
2014-07-19T03:16:32Z,-35.0346860,150.4461560,312.8
2014-07-19T03:16:34Z,-35.0347310,150.4460220,313.2
2014-07-19T03:16:35Z,-35.0347600,150.4459590,313.8
2014-07-19T03:16:36Z,-35.0347800,150.4458930,314.2
2014-07-19T03:16:37Z,-35.0348080,150.4458340,314.8
2014-07-19T03:16:38Z,-35.0348400,150.4457720,315.2
2014-07-19T03:16:39Z,-35.0348770,150.4457070,315.2
2014-07-19T03:16:40Z,-35.0349060,150.4456360,315.6
2014-07-19T03:16:41Z,-35.0349400,150.4455720,316.2
2014-07-19T03:16:42Z,-35.0349740,150.4455060,316.6
2014-07-19T03:16:43Z,-35.0349950,150.4454340,317.2
2014-07-19T03:16:44Z,-35.0350140,150.4453490,317.6
2014-07-19T03:16:46Z,-35.0350690,150.4452000,317.6
2014-07-19T03:16:55Z,-35.0352850,150.4445460,317.6
2014-07-19T03:16:56Z,-35.0353100,150.4444770,318.0
2014-07-19T03:16:57Z,-35.0353380,150.4444030,318.4
2014-07-19T03:16:58Z,-35.0353680,150.4443300,318.8
2014-07-19T03:16:59Z,-35.0354050,150.4442560,319.4
2014-07-19T03:17:00Z,-35.0354440,150.4441830,319.8
2014-07-19T03:17:03Z,-35.0355290,150.4439590,320.2
2014-07-19T03:17:04Z,-35.0355530,150.4438840,320.6
2014-07-19T03:17:05Z,-35.0355860,150.4438120,321.2
2014-07-19T03:17:06Z,-35.0356190,150.4437430,321.6
2014-07-19T03:17:07Z,-35.0356420,150.4436820,322.0
2014-07-19T03:17:11Z,-35.0357480,150.4434380,322.0
2014-07-19T03:17:19Z,-35.0358960,150.4429300,322.0
2014-07-19T03:17:20Z,-35.0359300,150.4428740,322.0
2014-07-19T03:17:23Z,-35.0359950,150.4426840,322.4
2014-07-19T03:17:24Z,-35.0360170,150.4426200,323.0
2014-07-19T03:17:25Z,-35.0360370,150.4425580,323.4
2014-07-19T03:17:26Z,-35.0360570,150.4424940,323.8
2014-07-19T03:17:27Z,-35.0360790,150.4424260,324.2
2014-07-19T03:17:33Z,-35.0362270,150.4420240,324.6
2014-07-19T03:17:34Z,-35.0362550,150.4419600,325.0
2014-07-19T03:17:35Z,-35.0362820,150.4419050,325.4
2014-07-19T03:17:36Z,-35.0363020,150.4418480,325.8
2014-07-19T03:17:37Z,-35.0363200,150.4417860,326.2
2014-07-19T03:17:40Z,-35.0363950,150.4416110,326.2
2014-07-19T03:17:45Z,-35.0365360,150.4413140,326.6
2014-07-19T03:17:46Z,-35.0365650,150.4412540,327.0
2014-07-19T03:17:47Z,-35.0366010,150.4411970,327.4
2014-07-19T03:17:48Z,-35.0366170,150.4411400,327.8
2014-07-19T03:17:49Z,-35.0366400,150.4410830,328.2
2014-07-19T03:17:53Z,-35.0367350,150.4408330,328.6
2014-07-19T03:17:54Z,-35.0367560,150.4407690,329.0
2014-07-19T03:17:55Z,-35.0367800,150.4407100,329.4
2014-07-19T03:17:56Z,-35.0368020,150.4406500,329.8
2014-07-19T03:17:57Z,-35.0368300,150.4405900,330.4
2014-07-19T03:17:58Z,-35.0368590,150.4405310,330.8
2014-07-19T03:17:59Z,-35.0368830,150.4404730,331.4
2014-07-19T03:18:00Z,-35.0369070,150.4404180,331.8
2014-07-19T03:18:01Z,-35.0369260,150.4403620,332.2
2014-07-19T03:18:05Z,-35.0370350,150.4401280,332.2
2014-07-19T03:18:11Z,-35.0371910,150.4397820,332.8
2014-07-19T03:18:12Z,-35.0372140,150.4397270,333.2
2014-07-19T03:18:13Z,-35.0372390,150.4396700,333.8
2014-07-19T03:18:14Z,-35.0372660,150.4396120,334.2
2014-07-19T03:18:15Z,-35.0372920,150.4395530,334.8
2014-07-19T03:18:22Z,-35.0374750,150.4391430,334.8
2014-07-19T03:18:29Z,-35.0376400,150.4387560,334.8
2014-07-19T03:18:36Z,-35.0377820,150.4383810,335.2
2014-07-19T03:18:38Z,-35.0378240,150.4382750,335.8
2014-07-19T03:18:39Z,-35.0378430,150.4382230,336.2
2014-07-19T03:18:40Z,-35.0378650,150.4381670,336.8
2014-07-19T03:18:41Z,-35.0378880,150.4381150,337.2
2014-07-19T03:18:50Z,-35.0380630,150.4376270,337.8
2014-07-19T03:18:51Z,-35.0380800,150.4375720,338.2
2014-07-19T03:18:52Z,-35.0381000,150.4375220,338.6
2014-07-19T03:18:53Z,-35.0381220,150.4374680,339.0
2014-07-19T03:18:54Z,-35.0381430,150.4374110,339.4
2014-07-19T03:18:59Z,-35.0382590,150.4371550,340.0
2014-07-19T03:19:00Z,-35.0382830,150.4371020,340.4
2014-07-19T03:19:01Z,-35.0383080,150.4370470,341.0
2014-07-19T03:19:02Z,-35.0383320,150.4369910,341.4
2014-07-19T03:19:03Z,-35.0383560,150.4369370,342.0
2014-07-19T03:19:10Z,-35.0385650,150.4365250,342.0
2014-07-19T03:19:19Z,-35.0388560,150.4359320,342.0
2014-07-19T03:19:26Z,-35.0391270,150.4354920,342.0
2014-07-19T03:19:34Z,-35.0394970,150.4350000,342.0
2014-07-19T03:19:35Z,-35.0395430,150.4349370,342.0
2014-07-19T03:19:42Z,-35.0398950,150.4344980,342.0
2014-07-19T03:19:44Z,-35.0400140,150.4343820,342.0
2014-07-19T03:19:51Z,-35.0404340,150.4339420,342.0
2014-07-19T03:19:55Z,-35.0406760,150.4336950,342.0
2014-07-19T03:20:02Z,-35.0411760,150.4333130,342.0
2014-07-19T03:20:05Z,-35.0413970,150.4331380,341.4
2014-07-19T03:20:06Z,-35.0414750,150.4330840,341.0
2014-07-19T03:20:07Z,-35.0415550,150.4330300,340.6
2014-07-19T03:20:08Z,-35.0416310,150.4329770,340.0
2014-07-19T03:20:09Z,-35.0417080,150.4329250,339.6
2014-07-19T03:20:12Z,-35.0419460,150.4327710,339.2
2014-07-19T03:20:13Z,-35.0420250,150.4327160,338.8
2014-07-19T03:20:14Z,-35.0421020,150.4326630,338.4
2014-07-19T03:20:15Z,-35.0421830,150.4326130,338.0
2014-07-19T03:20:16Z,-35.0422710,150.4325620,337.6
2014-07-19T03:20:20Z,-35.0426060,150.4323870,337.6
2014-07-19T03:20:26Z,-35.0431230,150.4321410,337.6
2014-07-19T03:20:27Z,-35.0432130,150.4321000,337.6
2014-07-19T03:20:32Z,-35.0436450,150.4318890,337.2
2014-07-19T03:20:33Z,-35.0437270,150.4318460,336.6
2014-07-19T03:20:34Z,-35.0438080,150.4318060,336.2
2014-07-19T03:20:35Z,-35.0438940,150.4317600,335.8
2014-07-19T03:20:36Z,-35.0439770,150.4317160,335.4
2014-07-19T03:20:41Z,-35.0443730,150.4315120,335.4
2014-07-19T03:20:43Z,-35.0445320,150.4314450,335.8
2014-07-19T03:20:44Z,-35.0446100,150.4314120,336.2
2014-07-19T03:20:45Z,-35.0446800,150.4313770,336.8
2014-07-19T03:20:46Z,-35.0447470,150.4313420,337.2
2014-07-19T03:20:47Z,-35.0448140,150.4313070,337.6
2014-07-19T03:20:48Z,-35.0448770,150.4312700,337.6
2014-07-19T03:20:52Z,-35.0451310,150.4311350,338.0
2014-07-19T03:20:53Z,-35.0451950,150.4311040,338.4
2014-07-19T03:20:54Z,-35.0452560,150.4310680,338.8
2014-07-19T03:20:55Z,-35.0453170,150.4310350,339.4
2014-07-19T03:20:56Z,-35.0453760,150.4310030,339.8
2014-07-19T03:20:57Z,-35.0454320,150.4309700,339.8
2014-07-19T03:21:04Z,-35.0458480,150.4307890,339.8
2014-07-19T03:21:05Z,-35.0459080,150.4307630,340.2
2014-07-19T03:21:06Z,-35.0459660,150.4307350,340.6
2014-07-19T03:21:07Z,-35.0460270,150.4307110,341.2
2014-07-19T03:21:08Z,-35.0460860,150.4306820,341.6
2014-07-19T03:21:09Z,-35.0461460,150.4306550,342.0
2014-07-19T03:21:10Z,-35.0462070,150.4306270,342.4
2014-07-19T03:21:11Z,-35.0462730,150.4305970,342.8
2014-07-19T03:21:12Z,-35.0463330,150.4305690,343.2
2014-07-19T03:21:13Z,-35.0463900,150.4305360,343.6
2014-07-19T03:21:14Z,-35.0464480,150.4305060,344.0
2014-07-19T03:21:16Z,-35.0465690,150.4304430,344.0
2014-07-19T03:21:22Z,-35.0469170,150.4302600,344.4
2014-07-19T03:21:23Z,-35.0469760,150.4302330,345.0
2014-07-19T03:21:24Z,-35.0470370,150.4302040,345.4
2014-07-19T03:21:25Z,-35.0471020,150.4301770,345.8
2014-07-19T03:21:26Z,-35.0471650,150.4301480,346.2
2014-07-19T03:21:34Z,-35.0476270,150.4299250,346.2
2014-07-19T03:21:37Z,-35.0478030,150.4298460,346.6
2014-07-19T03:21:38Z,-35.0478650,150.4298150,347.0
2014-07-19T03:21:39Z,-35.0479300,150.4297860,347.6
2014-07-19T03:21:40Z,-35.0479900,150.4297600,348.0
2014-07-19T03:21:41Z,-35.0480510,150.4297330,348.4
2014-07-19T03:21:50Z,-35.0486130,150.4294740,348.4
2014-07-19T03:21:51Z,-35.0486780,150.4294450,348.4
2014-07-19T03:21:56Z,-35.0489810,150.4292900,348.8
2014-07-19T03:21:57Z,-35.0490440,150.4292560,349.2
2014-07-19T03:21:58Z,-35.0491100,150.4292250,349.6
2014-07-19T03:21:59Z,-35.0491740,150.4291990,350.0
2014-07-19T03:22:00Z,-35.0492380,150.4291720,350.4
2014-07-19T03:22:09Z,-35.0497960,150.4288990,350.4
2014-07-19T03:22:15Z,-35.0501470,150.4287310,351.0
2014-07-19T03:22:16Z,-35.0502020,150.4287040,351.4
2014-07-19T03:22:17Z,-35.0502590,150.4286730,352.0
2014-07-19T03:22:18Z,-35.0503160,150.4286410,352.4
2014-07-19T03:22:19Z,-35.0503730,150.4286100,353.0
2014-07-19T03:22:26Z,-35.0507350,150.4284260,353.0
2014-07-19T03:22:34Z,-35.0511660,150.4282140,353.0
2014-07-19T03:22:36Z,-35.0512820,150.4281660,353.4
2014-07-19T03:22:37Z,-35.0513420,150.4281400,353.8
2014-07-19T03:22:38Z,-35.0514040,150.4281120,354.4
2014-07-19T03:22:39Z,-35.0514630,150.4280820,354.8
2014-07-19T03:22:40Z,-35.0515210,150.4280530,355.4
2014-07-19T03:22:43Z,-35.0517010,150.4279630,355.4
2014-07-19T03:22:49Z,-35.0520890,150.4277850,354.8
2014-07-19T03:22:50Z,-35.0521570,150.4277510,354.4
2014-07-19T03:22:51Z,-35.0522320,150.4277180,354.0
2014-07-19T03:22:52Z,-35.0522980,150.4276850,353.6
2014-07-19T03:22:53Z,-35.0523690,150.4276470,353.2
2014-07-19T03:23:00Z,-35.0528680,150.4273880,353.2
2014-07-19T03:23:05Z,-35.0532760,150.4272380,353.2
2014-07-19T03:23:06Z,-35.0533520,150.4272120,352.8
2014-07-19T03:23:07Z,-35.0534280,150.4271870,352.4
2014-07-19T03:23:08Z,-35.0535050,150.4271640,352.0
2014-07-19T03:23:09Z,-35.0535810,150.4271390,351.6
2014-07-19T03:23:10Z,-35.0536550,150.4271160,351.0
2014-07-19T03:23:15Z,-35.0540390,150.4270350,351.0
2014-07-19T03:23:22Z,-35.0545880,150.4269960,351.0
2014-07-19T03:23:23Z,-35.0546730,150.4269990,351.0
2014-07-19T03:23:30Z,-35.0552010,150.4269830,351.0
2014-07-19T03:23:37Z,-35.0557360,150.4269910,351.0
2014-07-19T03:23:44Z,-35.0562900,150.4269600,351.0
2014-07-19T03:23:47Z,-35.0565190,150.4269600,351.0
2014-07-19T03:23:55Z,-35.0571260,150.4269470,351.0
2014-07-19T03:23:58Z,-35.0573610,150.4269110,351.0
2014-07-19T03:24:06Z,-35.0579520,150.4267810,351.0
2014-07-19T03:24:14Z,-35.0584920,150.4265440,351.0
2014-07-19T03:24:16Z,-35.0586090,150.4264760,351.0
2014-07-19T03:24:18Z,-35.0587170,150.4264280,351.0
2014-07-19T03:24:19Z,-35.0587600,150.4264070,351.0
2014-07-19T03:24:20Z,-35.0587810,150.4263840,351.0
2014-07-19T03:24:22Z,-35.0587740,150.4263260,351.0
2014-07-19T03:24:23Z,-35.0587050,150.4263310,351.0
2014-07-19T03:24:26Z,-35.0585700,150.4264120,351.0
2014-07-19T03:24:27Z,-35.0585250,150.4264360,351.0
2014-07-19T03:24:28Z,-35.0584690,150.4264580,351.0
2014-07-19T03:24:30Z,-35.0583590,150.4265150,351.0
2014-07-19T03:24:32Z,-35.0582570,150.4265710,351.0
2014-07-19T03:24:33Z,-35.0582000,150.4265990,351.0
2014-07-19T03:24:37Z,-35.0579780,150.4266880,351.0
2014-07-19T03:24:42Z,-35.0576830,150.4267770,351.0
2014-07-19T03:24:46Z,-35.0574190,150.4268400,351.0
2014-07-19T03:24:50Z,-35.0571310,150.4268660,351.0
2014-07-19T03:24:56Z,-35.0566520,150.4268780,351.0
2014-07-19T03:25:03Z,-35.0560370,150.4268910,351.0
2014-07-19T03:25:04Z,-35.0559540,150.4268940,351.0
2014-07-19T03:25:10Z,-35.0553850,150.4269080,351.0
2014-07-19T03:25:12Z,-35.0551910,150.4269060,351.0
2014-07-19T03:25:16Z,-35.0547940,150.4269180,351.0
2014-07-19T03:25:19Z,-35.0544990,150.4269220,351.6
2014-07-19T03:25:20Z,-35.0544010,150.4269300,352.0
2014-07-19T03:25:21Z,-35.0543010,150.4269390,352.4
2014-07-19T03:25:22Z,-35.0542070,150.4269520,352.8
2014-07-19T03:25:23Z,-35.0541040,150.4269630,353.2
2014-07-19T03:25:27Z,-35.0537080,150.4270410,353.2
2014-07-19T03:25:33Z,-35.0530890,150.4271970,353.2
2014-07-19T03:25:35Z,-35.0529010,150.4272630,353.2
2014-07-19T03:25:36Z,-35.0528090,150.4273010,352.8
2014-07-19T03:25:37Z,-35.0527160,150.4273410,352.4
2014-07-19T03:25:38Z,-35.0526240,150.4273850,352.0
2014-07-19T03:25:39Z,-35.0525340,150.4274310,352.2
2014-07-19T03:25:40Z,-35.0524420,150.4274740,352.6
2014-07-19T03:25:41Z,-35.0523540,150.4275170,352.8
2014-07-19T03:25:42Z,-35.0522660,150.4275590,353.0
2014-07-19T03:25:43Z,-35.0521770,150.4276000,353.2
2014-07-19T03:25:49Z,-35.0516700,150.4278530,353.2
2014-07-19T03:25:50Z,-35.0515790,150.4278960,353.2
2014-07-19T03:25:51Z,-35.0514940,150.4279370,353.6
2014-07-19T03:25:52Z,-35.0514080,150.4279840,354.2
2014-07-19T03:25:53Z,-35.0513220,150.4280300,354.6
2014-07-19T03:25:54Z,-35.0512360,150.4280740,355.0
2014-07-19T03:25:55Z,-35.0511470,150.4281120,355.4
2014-07-19T03:25:58Z,-35.0508750,150.4282420,355.4
2014-07-19T03:26:04Z,-35.0503190,150.4285010,355.4
2014-07-19T03:26:06Z,-35.0501290,150.4285880,355.4
2014-07-19T03:26:07Z,-35.0500300,150.4286330,354.8
2014-07-19T03:26:08Z,-35.0499320,150.4286780,354.4
2014-07-19T03:26:09Z,-35.0498380,150.4287250,353.8
2014-07-19T03:26:10Z,-35.0497330,150.4287750,353.4
2014-07-19T03:26:11Z,-35.0496330,150.4288270,352.8
2014-07-19T03:26:14Z,-35.0493170,150.4289670,352.8
2014-07-19T03:26:18Z,-35.0488800,150.4291430,352.4
2014-07-19T03:26:19Z,-35.0487720,150.4291950,352.0
2014-07-19T03:26:20Z,-35.0486670,150.4292460,351.6
2014-07-19T03:26:21Z,-35.0485590,150.4293010,351.2
2014-07-19T03:26:22Z,-35.0484590,150.4293560,350.6
2014-07-19T03:26:23Z,-35.0483560,150.4294120,350.0
2014-07-19T03:26:24Z,-35.0482530,150.4294690,349.6
2014-07-19T03:26:25Z,-35.0481450,150.4295240,349.0
2014-07-19T03:26:26Z,-35.0480420,150.4295790,348.4
2014-07-19T03:26:29Z,-35.0477260,150.4297490,348.4
2014-07-19T03:26:31Z,-35.0475150,150.4298570,348.0
2014-07-19T03:26:32Z,-35.0474110,150.4299090,347.6
2014-07-19T03:26:33Z,-35.0473070,150.4299650,347.2
2014-07-19T03:26:34Z,-35.0472030,150.4300190,346.8
2014-07-19T03:26:35Z,-35.0471000,150.4300680,346.4
2014-07-19T03:26:39Z,-35.0466760,150.4302670,346.0
2014-07-19T03:26:40Z,-35.0465710,150.4303220,345.4
2014-07-19T03:26:41Z,-35.0464610,150.4303690,345.0
2014-07-19T03:26:42Z,-35.0463490,150.4304160,344.6
2014-07-19T03:26:43Z,-35.0462440,150.4304650,344.0
2014-07-19T03:26:47Z,-35.0458150,150.4306790,344.0
2014-07-19T03:26:48Z,-35.0457080,150.4307350,343.6
2014-07-19T03:26:49Z,-35.0456020,150.4307890,343.2
2014-07-19T03:26:50Z,-35.0454920,150.4308420,342.6
2014-07-19T03:26:51Z,-35.0453820,150.4308960,342.0
2014-07-19T03:26:52Z,-35.0452780,150.4309550,341.4
2014-07-19T03:26:53Z,-35.0451660,150.4310060,340.8
2014-07-19T03:26:54Z,-35.0450570,150.4310630,340.2
2014-07-19T03:26:55Z,-35.0449630,150.4311280,339.6
2014-07-19T03:27:00Z,-35.0444150,150.4314180,339.6
2014-07-19T03:27:02Z,-35.0441980,150.4315290,339.0
2014-07-19T03:27:03Z,-35.0440960,150.4315840,338.6
2014-07-19T03:27:04Z,-35.0440020,150.4316400,338.0
2014-07-19T03:27:05Z,-35.0439000,150.4316920,337.6
2014-07-19T03:27:06Z,-35.0437940,150.4317450,337.0
2014-07-19T03:27:08Z,-35.0435780,150.4318450,337.0
2014-07-19T03:27:13Z,-35.0430250,150.4321140,337.0
2014-07-19T03:27:18Z,-35.0424590,150.4323870,337.0
2014-07-19T03:27:19Z,-35.0423450,150.4324470,337.0
2014-07-19T03:27:24Z,-35.0418100,150.4327380,337.0
2014-07-19T03:27:26Z,-35.0416130,150.4328740,337.0
2014-07-19T03:27:28Z,-35.0414230,150.4330050,337.4
2014-07-19T03:27:29Z,-35.0413250,150.4330720,337.8
2014-07-19T03:27:30Z,-35.0412300,150.4331410,338.4
2014-07-19T03:27:31Z,-35.0411420,150.4332080,338.8
2014-07-19T03:27:32Z,-35.0410500,150.4332810,339.2
2014-07-19T03:27:34Z,-35.0408730,150.4334220,339.2
2014-07-19T03:27:40Z,-35.0403710,150.4338750,339.2
2014-07-19T03:27:43Z,-35.0401220,150.4341210,339.2
2014-07-19T03:27:49Z,-35.0396740,150.4346410,339.2
2014-07-19T03:27:50Z,-35.0395990,150.4347310,339.2
2014-07-19T03:27:56Z,-35.0391770,150.4352940,339.6
2014-07-19T03:27:57Z,-35.0391140,150.4353900,340.0
2014-07-19T03:27:58Z,-35.0390530,150.4354840,340.6
2014-07-19T03:27:59Z,-35.0389900,150.4355800,341.0
2014-07-19T03:28:00Z,-35.0389330,150.4356780,341.4
2014-07-19T03:28:04Z,-35.0387120,150.4360790,341.4
2014-07-19T03:28:10Z,-35.0383700,150.4366960,341.4
2014-07-19T03:28:11Z,-35.0383170,150.4368050,341.4
2014-07-19T03:28:17Z,-35.0380390,150.4374800,341.4
2014-07-19T03:28:19Z,-35.0379530,150.4377190,341.4
2014-07-19T03:28:21Z,-35.0378640,150.4379570,341.0
2014-07-19T03:28:22Z,-35.0378180,150.4380790,340.6
2014-07-19T03:28:23Z,-35.0377700,150.4382070,340.2
2014-07-19T03:28:24Z,-35.0377190,150.4383270,339.6
2014-07-19T03:28:25Z,-35.0376680,150.4384530,339.2
2014-07-19T03:28:26Z,-35.0376220,150.4385750,338.6
2014-07-19T03:28:27Z,-35.0375760,150.4386990,338.0
2014-07-19T03:28:28Z,-35.0375320,150.4388210,337.4
2014-07-19T03:28:29Z,-35.0374940,150.4389460,337.0
2014-07-19T03:28:33Z,-35.0373120,150.4394270,336.6
2014-07-19T03:28:34Z,-35.0372650,150.4395500,336.2
2014-07-19T03:28:35Z,-35.0372140,150.4396740,335.8
2014-07-19T03:28:36Z,-35.0371660,150.4397990,335.4
2014-07-19T03:28:37Z,-35.0371150,150.4399270,335.0
2014-07-19T03:28:38Z,-35.0370630,150.4400520,335.0
2014-07-19T03:28:42Z,-35.0368480,150.4405790,334.4
2014-07-19T03:28:43Z,-35.0367870,150.4407200,333.8
2014-07-19T03:28:44Z,-35.0367360,150.4408570,333.4
2014-07-19T03:28:45Z,-35.0366840,150.4409900,332.8
2014-07-19T03:28:46Z,-35.0366320,150.4411310,332.2
2014-07-19T03:28:47Z,-35.0365830,150.4412690,331.6
2014-07-19T03:28:48Z,-35.0365320,150.4414110,330.8
2014-07-19T03:28:49Z,-35.0364730,150.4415480,330.2
2014-07-19T03:28:51Z,-35.0363530,150.4418230,329.8
2014-07-19T03:28:52Z,-35.0362990,150.4419620,329.2
2014-07-19T03:28:53Z,-35.0362520,150.4421050,328.4
2014-07-19T03:28:54Z,-35.0362070,150.4422400,327.6
2014-07-19T03:28:55Z,-35.0361420,150.4423780,326.8
2014-07-19T03:28:56Z,-35.0360800,150.4425150,326.0
2014-07-19T03:28:57Z,-35.0360220,150.4426550,325.2
2014-07-19T03:28:58Z,-35.0359620,150.4427950,324.4
2014-07-19T03:28:59Z,-35.0359060,150.4429360,323.4
2014-07-19T03:29:00Z,-35.0358510,150.4430850,322.4
2014-07-19T03:29:01Z,-35.0357930,150.4432240,321.4
2014-07-19T03:29:02Z,-35.0357370,150.4433630,320.4
2014-07-19T03:29:03Z,-35.0356860,150.4434970,319.8
2014-07-19T03:29:04Z,-35.0356380,150.4436350,319.4
2014-07-19T03:29:05Z,-35.0355860,150.4437660,318.8
2014-07-19T03:29:06Z,-35.0355320,150.4438980,318.4
2014-07-19T03:29:07Z,-35.0354810,150.4440340,317.8
2014-07-19T03:29:09Z,-35.0353730,150.4443040,317.8
2014-07-19T03:29:14Z,-35.0351240,150.4449670,317.4
2014-07-19T03:29:15Z,-35.0350770,150.4450910,316.8
2014-07-19T03:29:16Z,-35.0350260,150.4452200,316.4
2014-07-19T03:29:17Z,-35.0349770,150.4453460,316.0
2014-07-19T03:29:18Z,-35.0349330,150.4454740,315.4
2014-07-19T03:29:21Z,-35.0347920,150.4458700,315.4
2014-07-19T03:29:26Z,-35.0345180,150.4465210,315.4
2014-07-19T03:29:27Z,-35.0344690,150.4466520,315.0
2014-07-19T03:29:28Z,-35.0344070,150.4467790,314.6
2014-07-19T03:29:29Z,-35.0343590,150.4469120,314.0
2014-07-19T03:29:30Z,-35.0343160,150.4470450,313.6
2014-07-19T03:29:31Z,-35.0342590,150.4471780,313.0
2014-07-19T03:29:32Z,-35.0342070,150.4473110,312.4
2014-07-19T03:29:33Z,-35.0341530,150.4474460,311.8
2014-07-19T03:29:34Z,-35.0340990,150.4475800,311.2
2014-07-19T03:29:35Z,-35.0340430,150.4477150,310.6
2014-07-19T03:29:39Z,-35.0338430,150.4482590,310.6
2014-07-19T03:29:44Z,-35.0335800,150.4488650,310.6
2014-07-19T03:29:45Z,-35.0335150,150.4489840,310.6
2014-07-19T03:29:49Z,-35.0332110,150.4494990,310.6
2014-07-19T03:29:50Z,-35.0331260,150.4496270,310.6
2014-07-19T03:29:52Z,-35.0329460,150.4498750,310.2
2014-07-19T03:29:53Z,-35.0328570,150.4499940,309.8
2014-07-19T03:29:54Z,-35.0327620,150.4501060,309.4
2014-07-19T03:29:55Z,-35.0326680,150.4502210,308.8
2014-07-19T03:29:56Z,-35.0325660,150.4503250,308.0
2014-07-19T03:29:57Z,-35.0324720,150.4504400,307.4
2014-07-19T03:29:58Z,-35.0323880,150.4505500,306.8
2014-07-19T03:29:59Z,-35.0322850,150.4506620,306.2
2014-07-19T03:30:00Z,-35.0321840,150.4507730,305.8
2014-07-19T03:30:01Z,-35.0320910,150.4508870,305.2
2014-07-19T03:30:02Z,-35.0319960,150.4510030,304.8
2014-07-19T03:30:03Z,-35.0318960,150.4511220,304.0
2014-07-19T03:30:04Z,-35.0318020,150.4512380,303.2
2014-07-19T03:30:05Z,-35.0316920,150.4513580,302.4
2014-07-19T03:30:06Z,-35.0315920,150.4514790,301.6
2014-07-19T03:30:07Z,-35.0314960,150.4516070,300.8
2014-07-19T03:30:08Z,-35.0313910,150.4517350,300.0
2014-07-19T03:30:09Z,-35.0312760,150.4518690,299.0
2014-07-19T03:30:10Z,-35.0311610,150.4519920,297.8
2014-07-19T03:30:11Z,-35.0310570,150.4521280,296.8
2014-07-19T03:30:12Z,-35.0309550,150.4522570,295.8
2014-07-19T03:30:13Z,-35.0308440,150.4524010,294.8
2014-07-19T03:30:14Z,-35.0307320,150.4525540,293.8
2014-07-19T03:30:15Z,-35.0306270,150.4527110,292.8
2014-07-19T03:30:16Z,-35.0305340,150.4528730,291.8
2014-07-19T03:30:17Z,-35.0304340,150.4530390,290.6
2014-07-19T03:30:18Z,-35.0303520,150.4532070,289.6
2014-07-19T03:30:19Z,-35.0302780,150.4533690,288.4
2014-07-19T03:30:20Z,-35.0302070,150.4535260,288.0
2014-07-19T03:30:21Z,-35.0301410,150.4536800,287.4
2014-07-19T03:30:22Z,-35.0300770,150.4538380,286.8
2014-07-19T03:30:23Z,-35.0300230,150.4539910,286.2
2014-07-19T03:30:24Z,-35.0299740,150.4541480,285.6
2014-07-19T03:30:25Z,-35.0299270,150.4543030,285.2
2014-07-19T03:30:26Z,-35.0298850,150.4544580,284.6
2014-07-19T03:30:27Z,-35.0298480,150.4546140,284.0
2014-07-19T03:30:28Z,-35.0298160,150.4547730,283.4
2014-07-19T03:30:31Z,-35.0297060,150.4552780,283.4
2014-07-19T03:30:34Z,-35.0295910,150.4557690,283.0
2014-07-19T03:30:35Z,-35.0295450,150.4559340,282.6
2014-07-19T03:30:36Z,-35.0294930,150.4560930,282.2
2014-07-19T03:30:37Z,-35.0294400,150.4562470,281.8
2014-07-19T03:30:38Z,-35.0293920,150.4563990,281.4
2014-07-19T03:30:41Z,-35.0292410,150.4568500,280.8
2014-07-19T03:30:42Z,-35.0291920,150.4569980,280.2
2014-07-19T03:30:43Z,-35.0291450,150.4571550,279.8
2014-07-19T03:30:44Z,-35.0290950,150.4573090,279.2
2014-07-19T03:30:45Z,-35.0290480,150.4574640,278.6
2014-07-19T03:30:46Z,-35.0290010,150.4576180,278.2
2014-07-19T03:30:47Z,-35.0289470,150.4577770,277.6
2014-07-19T03:30:48Z,-35.0288980,150.4579310,277.2
2014-07-19T03:30:49Z,-35.0288500,150.4580820,276.6
2014-07-19T03:30:50Z,-35.0288010,150.4582270,276.2
2014-07-19T03:30:51Z,-35.0287540,150.4583720,275.6
2014-07-19T03:30:52Z,-35.0287020,150.4585230,275.2
2014-07-19T03:30:53Z,-35.0286510,150.4586800,274.6
2014-07-19T03:30:54Z,-35.0285990,150.4588390,274.2
2014-07-19T03:30:55Z,-35.0285460,150.4589940,273.6
2014-07-19T03:30:56Z,-35.0284940,150.4591540,273.0
2014-07-19T03:30:57Z,-35.0284470,150.4593100,272.4
2014-07-19T03:30:58Z,-35.0283990,150.4594630,271.8
2014-07-19T03:30:59Z,-35.0283590,150.4596130,271.2
2014-07-19T03:31:00Z,-35.0283100,150.4597630,270.8
2014-07-19T03:31:01Z,-35.0282640,150.4599040,270.4
2014-07-19T03:31:02Z,-35.0282160,150.4600530,269.8
2014-07-19T03:31:03Z,-35.0281680,150.4601930,269.4
2014-07-19T03:31:04Z,-35.0281160,150.4603460,268.8
2014-07-19T03:31:05Z,-35.0280650,150.4604960,268.2
2014-07-19T03:31:06Z,-35.0280110,150.4606440,267.8
2014-07-19T03:31:07Z,-35.0279640,150.4608000,267.2
2014-07-19T03:31:08Z,-35.0279160,150.4609660,266.4
2014-07-19T03:31:09Z,-35.0278760,150.4611280,265.8
2014-07-19T03:31:10Z,-35.0278450,150.4612960,265.2
2014-07-19T03:31:11Z,-35.0278210,150.4614700,264.4
2014-07-19T03:31:12Z,-35.0278020,150.4616470,263.6
2014-07-19T03:31:13Z,-35.0277810,150.4618250,262.6
2014-07-19T03:31:14Z,-35.0277650,150.4620010,261.8
2014-07-19T03:31:15Z,-35.0277530,150.4621660,260.8
2014-07-19T03:31:16Z,-35.0277390,150.4623270,259.8
2014-07-19T03:31:17Z,-35.0277290,150.4624920,258.8
2014-07-19T03:31:18Z,-35.0277240,150.4626590,258.0
2014-07-19T03:31:19Z,-35.0277100,150.4628170,257.0
2014-07-19T03:31:20Z,-35.0277020,150.4629710,256.2
2014-07-19T03:31:21Z,-35.0276950,150.4631160,256.6
2014-07-19T03:31:22Z,-35.0276850,150.4632600,256.8
2014-07-19T03:31:23Z,-35.0276770,150.4634010,256.6
2014-07-19T03:31:24Z,-35.0276670,150.4635390,256.4
2014-07-19T03:31:25Z,-35.0276530,150.4636790,256.0
2014-07-19T03:31:26Z,-35.0276370,150.4638140,255.8
2014-07-19T03:31:27Z,-35.0276170,150.4639490,255.6
2014-07-19T03:31:28Z,-35.0275960,150.4640800,255.6
2014-07-19T03:31:33Z,-35.0274210,150.4647620,255.0
2014-07-19T03:31:34Z,-35.0273760,150.4648930,254.4
2014-07-19T03:31:35Z,-35.0273260,150.4650340,254.0
2014-07-19T03:31:36Z,-35.0272790,150.4651650,253.4
2014-07-19T03:31:37Z,-35.0272230,150.4653030,252.8
2014-07-19T03:31:39Z,-35.0270970,150.4655660,252.4
2014-07-19T03:31:41Z,-35.0269590,150.4658100,251.2
2014-07-19T03:31:43Z,-35.0268070,150.4660670,250.6
2014-07-19T03:31:44Z,-35.0267270,150.4661910,250.0
2014-07-19T03:31:48Z,-35.0263770,150.4666320,250.0
2014-07-19T03:31:49Z,-35.0262860,150.4667390,249.6
2014-07-19T03:31:50Z,-35.0261960,150.4668410,249.0
2014-07-19T03:31:51Z,-35.0261040,150.4669410,248.6
2014-07-19T03:31:52Z,-35.0260180,150.4670450,248.0
2014-07-19T03:31:53Z,-35.0259270,150.4671510,247.6
2014-07-19T03:31:54Z,-35.0258410,150.4672540,247.2
2014-07-19T03:31:55Z,-35.0257540,150.4673540,246.8
2014-07-19T03:31:56Z,-35.0256670,150.4674550,246.4
2014-07-19T03:31:57Z,-35.0255740,150.4675530,246.0
2014-07-19T03:31:58Z,-35.0254910,150.4676510,245.6
2014-07-19T03:32:02Z,-35.0251490,150.4680580,245.6
2014-07-19T03:32:07Z,-35.0247190,150.4685740,245.6
2014-07-19T03:32:10Z,-35.0244630,150.4688610,245.6
2014-07-19T03:32:15Z,-35.0239980,150.4693320,245.6
2014-07-19T03:32:17Z,-35.0238060,150.4695040,245.2
2014-07-19T03:32:18Z,-35.0237090,150.4695880,244.8
2014-07-19T03:32:19Z,-35.0236120,150.4696720,244.4
2014-07-19T03:32:20Z,-35.0235100,150.4697500,244.0
2014-07-19T03:32:21Z,-35.0234130,150.4698320,243.4
2014-07-19T03:32:24Z,-35.0231180,150.4700830,243.4
2014-07-19T03:32:29Z,-35.0225930,150.4705080,243.4
2014-07-19T03:32:30Z,-35.0224850,150.4705940,243.0
2014-07-19T03:32:31Z,-35.0223830,150.4706780,242.6
2014-07-19T03:32:32Z,-35.0222770,150.4707590,242.2
2014-07-19T03:32:33Z,-35.0221780,150.4708390,241.8
2014-07-19T03:32:34Z,-35.0220750,150.4709200,241.4
2014-07-19T03:32:39Z,-35.0215540,150.4713520,241.0
2014-07-19T03:32:40Z,-35.0214500,150.4714410,240.6
2014-07-19T03:32:41Z,-35.0213400,150.4715300,240.0
2014-07-19T03:32:42Z,-35.0212300,150.4716180,239.6
2014-07-19T03:32:43Z,-35.0211250,150.4717090,239.2
2014-07-19T03:32:48Z,-35.0205790,150.4721520,239.2
2014-07-19T03:32:53Z,-35.0200280,150.4726000,239.2
2014-07-19T03:32:56Z,-35.0197030,150.4728690,238.8
2014-07-19T03:32:57Z,-35.0195950,150.4729620,238.4
2014-07-19T03:32:58Z,-35.0194840,150.4730450,238.0
2014-07-19T03:32:59Z,-35.0193710,150.4731320,237.6
2014-07-19T03:33:00Z,-35.0192630,150.4732210,237.2
2014-07-19T03:33:03Z,-35.0189430,150.4734870,237.2
2014-07-19T03:33:06Z,-35.0186130,150.4737160,236.6
2014-07-19T03:33:07Z,-35.0184990,150.4737900,236.2
2014-07-19T03:33:08Z,-35.0183870,150.4738570,235.6
2014-07-19T03:33:09Z,-35.0182680,150.4739200,235.2
2014-07-19T03:33:10Z,-35.0181490,150.4739770,234.6
2014-07-19T03:33:14Z,-35.0176760,150.4742140,234.6
2014-07-19T03:33:17Z,-35.0173480,150.4743830,234.2
2014-07-19T03:33:18Z,-35.0172350,150.4744370,233.8
2014-07-19T03:33:19Z,-35.0171230,150.4744870,233.4
2014-07-19T03:33:20Z,-35.0170100,150.4745410,233.0
2014-07-19T03:33:21Z,-35.0168990,150.4745950,232.6
2014-07-19T03:33:26Z,-35.0163780,150.4748490,232.6
2014-07-19T03:33:28Z,-35.0161810,150.4749510,232.6
2014-07-19T03:33:33Z,-35.0156750,150.4751990,232.6
2014-07-19T03:33:37Z,-35.0152920,150.4754010,232.6
2014-07-19T03:33:42Z,-35.0147860,150.4756550,232.6
2014-07-19T03:33:45Z,-35.0144770,150.4758080,232.6
2014-07-19T03:33:50Z,-35.0139730,150.4760660,232.6
2014-07-19T03:33:55Z,-35.0134760,150.4763230,232.6
2014-07-19T03:33:56Z,-35.0133790,150.4763710,232.6
2014-07-19T03:34:02Z,-35.0127770,150.4766050,232.6
2014-07-19T03:34:04Z,-35.0125810,150.4766750,232.6
2014-07-19T03:34:10Z,-35.0119910,150.4768140,232.6
2014-07-19T03:34:11Z,-35.0118930,150.4768300,232.6
2014-07-19T03:34:17Z,-35.0112950,150.4768940,232.6
2014-07-19T03:34:18Z,-35.0111960,150.4768970,232.6
2014-07-19T03:34:24Z,-35.0105580,150.4768670,232.6
2014-07-19T03:34:30Z,-35.0099140,150.4767930,232.6
2014-07-19T03:34:32Z,-35.0097110,150.4767750,232.6
2014-07-19T03:34:38Z,-35.0090850,150.4767000,232.6
2014-07-19T03:34:39Z,-35.0089830,150.4766880,233.0
2014-07-19T03:34:40Z,-35.0088830,150.4766750,233.4
2014-07-19T03:34:41Z,-35.0087780,150.4766600,234.0
2014-07-19T03:34:42Z,-35.0086770,150.4766440,234.4
2014-07-19T03:34:43Z,-35.0085820,150.4766310,235.0
2014-07-19T03:34:46Z,-35.0082860,150.4766020,235.4
2014-07-19T03:34:47Z,-35.0081950,150.4765920,235.8
2014-07-19T03:34:48Z,-35.0080980,150.4765790,236.2
2014-07-19T03:34:49Z,-35.0080030,150.4765650,236.6
2014-07-19T03:34:50Z,-35.0079060,150.4765510,237.0
2014-07-19T03:34:56Z,-35.0073590,150.4764880,237.0
2014-07-19T03:35:03Z,-35.0067160,150.4764160,237.0
2014-07-19T03:35:09Z,-35.0061560,150.4763540,237.0
2014-07-19T03:35:14Z,-35.0056710,150.4762870,237.0
2014-07-19T03:35:20Z,-35.0050780,150.4762200,236.4
2014-07-19T03:35:21Z,-35.0049790,150.4762080,235.8
2014-07-19T03:35:22Z,-35.0048810,150.4761960,235.2
2014-07-19T03:35:23Z,-35.0047790,150.4761800,234.6
2014-07-19T03:35:24Z,-35.0046790,150.4761620,234.0
2014-07-19T03:35:30Z,-35.0040970,150.4760930,234.0
2014-07-19T03:35:31Z,-35.0039950,150.4760730,234.0
2014-07-19T03:35:37Z,-35.0033660,150.4759300,234.0
2014-07-19T03:35:43Z,-35.0027790,150.4757330,234.0
2014-07-19T03:35:44Z,-35.0026880,150.4756990,234.0
2014-07-19T03:35:49Z,-35.0022490,150.4754980,234.4
2014-07-19T03:35:50Z,-35.0021620,150.4754600,234.8
2014-07-19T03:35:51Z,-35.0020800,150.4754220,235.2
2014-07-19T03:35:52Z,-35.0019920,150.4753830,235.6
2014-07-19T03:35:53Z,-35.0019120,150.4753450,236.0
2014-07-19T03:36:00Z,-35.0013390,150.4750550,236.0
2014-07-19T03:36:01Z,-35.0012580,150.4750160,236.0
2014-07-19T03:36:03Z,-35.0010970,150.4749460,236.6
2014-07-19T03:36:04Z,-35.0010170,150.4749110,237.2
2014-07-19T03:36:05Z,-35.0009310,150.4748740,237.8
2014-07-19T03:36:06Z,-35.0008500,150.4748340,238.2
2014-07-19T03:36:07Z,-35.0007710,150.4747950,238.8
2014-07-19T03:36:09Z,-35.0006190,150.4747230,238.8
2014-07-19T03:36:16Z,-35.0000430,150.4744440,238.8
2014-07-19T03:36:23Z,-34.9994520,150.4742340,239.2
2014-07-19T03:36:24Z,-34.9993670,150.4742080,239.6
2014-07-19T03:36:25Z,-34.9992880,150.4741860,240.2
2014-07-19T03:36:26Z,-34.9992010,150.4741610,240.6
2014-07-19T03:36:27Z,-34.9991160,150.4741410,241.0
2014-07-19T03:36:29Z,-34.9989360,150.4741070,241.0
2014-07-19T03:36:36Z,-34.9983280,150.4740340,241.0
2014-07-19T03:36:43Z,-34.9977470,150.4740570,241.0
2014-07-19T03:36:50Z,-34.9972040,150.4741370,241.0
2014-07-19T03:36:54Z,-34.9969130,150.4742140,241.4
2014-07-19T03:36:55Z,-34.9968370,150.4742360,242.0
2014-07-19T03:36:56Z,-34.9967580,150.4742510,242.4
2014-07-19T03:36:57Z,-34.9966800,150.4742700,242.8
2014-07-19T03:36:58Z,-34.9965990,150.4742930,243.2
2014-07-19T03:37:03Z,-34.9961530,150.4744160,243.2
2014-07-19T03:37:09Z,-34.9956220,150.4745830,243.2
2014-07-19T03:37:12Z,-34.9953640,150.4746590,243.2
2014-07-19T03:37:18Z,-34.9947960,150.4748260,243.2
2014-07-19T03:37:19Z,-34.9946980,150.4748560,243.2
2014-07-19T03:37:25Z,-34.9941400,150.4750390,243.2
2014-07-19T03:37:27Z,-34.9939480,150.4751010,243.2
2014-07-19T03:37:33Z,-34.9933440,150.4753280,243.2
2014-07-19T03:37:34Z,-34.9932410,150.4753690,243.2
2014-07-19T03:37:40Z,-34.9926250,150.4756260,243.2
2014-07-19T03:37:41Z,-34.9925190,150.4756750,243.2
2014-07-19T03:37:44Z,-34.9922160,150.4758250,242.8
2014-07-19T03:37:45Z,-34.9921150,150.4758720,242.4
2014-07-19T03:37:46Z,-34.9920130,150.4759190,242.0
2014-07-19T03:37:47Z,-34.9919150,150.4759690,241.4
2014-07-19T03:37:48Z,-34.9918200,150.4760190,241.0
2014-07-19T03:37:50Z,-34.9916430,150.4761250,241.4
2014-07-19T03:37:51Z,-34.9915550,150.4761800,241.8
2014-07-19T03:37:52Z,-34.9914690,150.4762330,242.4
2014-07-19T03:37:53Z,-34.9913840,150.4762870,242.8
2014-07-19T03:37:54Z,-34.9913000,150.4763370,243.2
2014-07-19T03:37:57Z,-34.9910570,150.4764840,243.2
2014-07-19T03:38:03Z,-34.9905870,150.4768010,243.2
2014-07-19T03:38:08Z,-34.9902020,150.4770740,243.2
2014-07-19T03:38:09Z,-34.9901240,150.4771310,242.8
2014-07-19T03:38:10Z,-34.9900450,150.4771900,242.4
2014-07-19T03:38:11Z,-34.9899690,150.4772500,241.8
2014-07-19T03:38:12Z,-34.9898880,150.4773140,241.4
2014-07-19T03:38:13Z,-34.9898080,150.4773790,241.0
2014-07-19T03:38:16Z,-34.9895580,150.4775850,241.0
2014-07-19T03:38:17Z,-34.9894750,150.4776540,240.6
2014-07-19T03:38:18Z,-34.9893900,150.4777210,240.2
2014-07-19T03:38:19Z,-34.9893070,150.4777860,239.8
2014-07-19T03:38:20Z,-34.9892220,150.4778510,239.4
2014-07-19T03:38:21Z,-34.9891430,150.4779210,239.0
2014-07-19T03:38:25Z,-34.9888330,150.4782270,239.0
2014-07-19T03:38:29Z,-34.9885430,150.4785070,239.0
2014-07-19T03:38:33Z,-34.9882380,150.4788010,239.0
2014-07-19T03:38:34Z,-34.9881660,150.4788700,239.0
2014-07-19T03:38:35Z,-34.9880960,150.4789400,239.0
2014-07-19T03:38:36Z,-34.9880270,150.4790070,239.0
2014-07-19T03:38:37Z,-34.9879570,150.4790780,239.0
2014-07-19T03:38:38Z,-34.9878810,150.4791520,239.0
2014-07-19T03:38:39Z,-34.9878070,150.4792230,239.0
2014-07-19T03:38:41Z,-34.9876560,150.4793640,239.0
2014-07-19T03:38:44Z,-34.9874260,150.4795930,239.0
2014-07-19T03:38:45Z,-34.9873430,150.4796780,239.0
2014-07-19T03:38:47Z,-34.9871790,150.4798500,238.6
2014-07-19T03:38:48Z,-34.9870980,150.4799370,238.2
2014-07-19T03:38:49Z,-34.9870140,150.4800250,237.6
2014-07-19T03:38:50Z,-34.9869300,150.4801150,237.2
2014-07-19T03:38:51Z,-34.9868450,150.4802060,236.8
2014-07-19T03:38:53Z,-34.9866720,150.4803840,236.4
2014-07-19T03:38:54Z,-34.9865830,150.4804670,235.8
2014-07-19T03:38:55Z,-34.9864960,150.4805540,235.4
2014-07-19T03:38:56Z,-34.9864030,150.4806390,234.8
2014-07-19T03:38:57Z,-34.9863140,150.4807280,234.4
2014-07-19T03:38:58Z,-34.9862220,150.4808170,234.4
2014-07-19T03:38:59Z,-34.9861270,150.4809060,233.8
2014-07-19T03:39:00Z,-34.9860340,150.4810000,233.4
2014-07-19T03:39:01Z,-34.9859390,150.4810880,232.8
2014-07-19T03:39:02Z,-34.9858470,150.4811750,232.2
2014-07-19T03:39:03Z,-34.9857550,150.4812640,231.6
2014-07-19T03:39:04Z,-34.9856660,150.4813610,230.8
2014-07-19T03:39:05Z,-34.9855760,150.4814510,230.2
2014-07-19T03:39:06Z,-34.9854800,150.4815390,229.6
2014-07-19T03:39:11Z,-34.9850240,150.4819590,229.6
2014-07-19T03:39:12Z,-34.9849370,150.4820410,230.0
2014-07-19T03:39:13Z,-34.9848480,150.4821210,230.4
2014-07-19T03:39:14Z,-34.9847640,150.4822070,230.8
2014-07-19T03:39:15Z,-34.9846840,150.4822880,231.2
2014-07-19T03:39:16Z,-34.9846050,150.4823680,231.6
2014-07-19T03:39:17Z,-34.9845330,150.4824490,232.0
2014-07-19T03:39:18Z,-34.9844570,150.4825250,232.4
2014-07-19T03:39:19Z,-34.9843750,150.4826020,232.8
2014-07-19T03:39:20Z,-34.9843000,150.4826760,233.4
2014-07-19T03:39:21Z,-34.9842210,150.4827560,233.8
2014-07-19T03:39:27Z,-34.9837130,150.4832290,233.8
2014-07-19T03:39:32Z,-34.9832770,150.4836810,233.8
2014-07-19T03:39:35Z,-34.9830130,150.4839710,233.8
2014-07-19T03:39:40Z,-34.9825630,150.4844710,233.8
2014-07-19T03:39:41Z,-34.9824700,150.4845720,233.2
2014-07-19T03:39:42Z,-34.9823820,150.4846740,232.8
2014-07-19T03:39:43Z,-34.9822910,150.4847760,232.2
2014-07-19T03:39:44Z,-34.9822030,150.4848800,231.8
2014-07-19T03:39:45Z,-34.9821050,150.4849820,231.2
2014-07-19T03:39:46Z,-34.9820160,150.4850870,230.8
2014-07-19T03:39:47Z,-34.9819300,150.4851950,230.4
2014-07-19T03:39:48Z,-34.9818410,150.4852970,229.8
2014-07-19T03:39:49Z,-34.9817530,150.4853960,229.4
2014-07-19T03:39:50Z,-34.9816660,150.4854950,229.0
2014-07-19T03:39:52Z,-34.9814920,150.4857040,228.6
2014-07-19T03:39:53Z,-34.9814000,150.4858020,228.2
2014-07-19T03:39:54Z,-34.9813030,150.4859070,227.8
2014-07-19T03:39:55Z,-34.9812150,150.4860150,227.4
2014-07-19T03:39:56Z,-34.9811190,150.4861240,226.8
2014-07-19T03:39:57Z,-34.9810230,150.4862330,226.2
2014-07-19T03:39:58Z,-34.9809150,150.4863400,225.6
2014-07-19T03:39:59Z,-34.9808120,150.4864530,225.0
2014-07-19T03:40:00Z,-34.9807150,150.4865590,224.4
2014-07-19T03:40:02Z,-34.9805140,150.4867710,224.4
2014-07-19T03:40:03Z,-34.9804220,150.4868820,224.0
2014-07-19T03:40:04Z,-34.9803250,150.4869860,223.4
2014-07-19T03:40:05Z,-34.9802240,150.4870960,223.0
2014-07-19T03:40:06Z,-34.9801190,150.4871950,222.4
2014-07-19T03:40:07Z,-34.9800200,150.4872900,221.8
2014-07-19T03:40:08Z,-34.9799170,150.4873830,221.2
2014-07-19T03:40:09Z,-34.9798100,150.4874740,220.8
2014-07-19T03:40:10Z,-34.9797000,150.4875630,220.2
2014-07-19T03:40:12Z,-34.9794850,150.4877330,219.6
2014-07-19T03:40:13Z,-34.9793750,150.4878120,219.0
2014-07-19T03:40:14Z,-34.9792630,150.4878910,218.4
2014-07-19T03:40:15Z,-34.9791430,150.4879720,217.8
2014-07-19T03:40:16Z,-34.9790280,150.4880420,217.2
2014-07-19T03:40:19Z,-34.9786770,150.4882500,216.8
2014-07-19T03:40:20Z,-34.9785670,150.4883220,216.4
2014-07-19T03:40:21Z,-34.9784510,150.4883930,216.0
2014-07-19T03:40:22Z,-34.9783390,150.4884610,215.6
2014-07-19T03:40:23Z,-34.9782330,150.4885300,215.2
2014-07-19T03:40:25Z,-34.9780120,150.4886730,215.6
2014-07-19T03:40:26Z,-34.9779040,150.4887400,216.0
2014-07-19T03:40:27Z,-34.9777950,150.4888090,216.6
2014-07-19T03:40:28Z,-34.9776850,150.4888760,217.0
2014-07-19T03:40:29Z,-34.9775800,150.4889460,217.4
2014-07-19T03:40:34Z,-34.9770440,150.4892780,217.4
2014-07-19T03:40:39Z,-34.9765350,150.4896020,217.4
2014-07-19T03:40:40Z,-34.9764290,150.4896670,217.4
2014-07-19T03:40:45Z,-34.9759100,150.4899860,217.4
2014-07-19T03:40:49Z,-34.9755140,150.4902610,217.4
2014-07-19T03:40:54Z,-34.9750510,150.4907110,217.4
2014-07-19T03:40:59Z,-34.9746270,150.4912500,217.4
2014-07-19T03:41:01Z,-34.9744650,150.4914960,217.0
2014-07-19T03:41:03Z,-34.9743180,150.4917480,216.2
2014-07-19T03:41:05Z,-34.9741760,150.4920220,215.0
2014-07-19T03:41:07Z,-34.9740500,150.4923200,213.8
2014-07-19T03:41:08Z,-34.9739920,150.4924730,213.2
2014-07-19T03:41:09Z,-34.9739370,150.4926260,212.6
2014-07-19T03:41:10Z,-34.9738870,150.4927810,212.6
2014-07-19T03:41:11Z,-34.9738390,150.4929450,212.0
2014-07-19T03:41:12Z,-34.9737960,150.4931140,211.0
2014-07-19T03:41:13Z,-34.9737550,150.4932920,210.2
2014-07-19T03:41:14Z,-34.9737140,150.4934670,209.2
2014-07-19T03:41:15Z,-34.9736720,150.4936470,207.4
2014-07-19T03:41:17Z,-34.9735940,150.4939970,205.4
2014-07-19T03:41:19Z,-34.9735240,150.4943420,204.4
2014-07-19T03:41:20Z,-34.9734770,150.4945160,203.4
2014-07-19T03:41:21Z,-34.9734290,150.4946900,202.4
2014-07-19T03:41:22Z,-34.9733820,150.4948590,201.2
2014-07-19T03:41:23Z,-34.9733270,150.4950250,200.2
2014-07-19T03:41:24Z,-34.9732710,150.4951930,199.8
2014-07-19T03:41:25Z,-34.9732170,150.4953540,199.2
2014-07-19T03:41:26Z,-34.9731560,150.4955170,198.6
2014-07-19T03:41:27Z,-34.9730920,150.4956820,197.8
2014-07-19T03:41:28Z,-34.9730300,150.4958440,197.0
2014-07-19T03:41:29Z,-34.9729560,150.4960130,196.2
2014-07-19T03:41:30Z,-34.9728780,150.4961750,195.6
2014-07-19T03:41:31Z,-34.9728010,150.4963290,194.8
2014-07-19T03:41:32Z,-34.9727200,150.4964860,194.0
2014-07-19T03:41:33Z,-34.9726380,150.4966360,193.4
2014-07-19T03:41:34Z,-34.9725510,150.4967830,192.6
2014-07-19T03:41:35Z,-34.9724650,150.4969300,191.8
2014-07-19T03:41:36Z,-34.9723740,150.4970740,191.0
2014-07-19T03:41:37Z,-34.9722800,150.4972190,190.2
2014-07-19T03:41:38Z,-34.9721870,150.4973590,189.8
2014-07-19T03:41:39Z,-34.9720950,150.4974990,189.4
2014-07-19T03:41:40Z,-34.9719990,150.4976420,188.8
2014-07-19T03:41:41Z,-34.9719050,150.4977750,188.2
2014-07-19T03:41:42Z,-34.9718110,150.4979120,187.4
2014-07-19T03:41:43Z,-34.9717200,150.4980460,186.8
2014-07-19T03:41:44Z,-34.9716290,150.4981790,186.0
2014-07-19T03:41:45Z,-34.9715400,150.4983080,185.2
2014-07-19T03:41:47Z,-34.9713590,150.4985710,184.8
2014-07-19T03:41:48Z,-34.9712680,150.4987050,184.4
2014-07-19T03:41:49Z,-34.9711810,150.4988360,183.4
2014-07-19T03:41:50Z,-34.9710950,150.4989660,183.0
2014-07-19T03:41:51Z,-34.9710080,150.4990940,182.4
2014-07-19T03:41:53Z,-34.9708470,150.4993440,182.0
2014-07-19T03:41:54Z,-34.9707680,150.4994670,181.4
2014-07-19T03:41:55Z,-34.9706860,150.4995910,181.0
2014-07-19T03:41:56Z,-34.9706080,150.4997100,180.4
2014-07-19T03:41:57Z,-34.9705310,150.4998290,179.8
2014-07-19T03:41:58Z,-34.9704450,150.4999470,178.8
2014-07-19T03:42:00Z,-34.9702680,150.5001680,178.2
2014-07-19T03:42:01Z,-34.9701750,150.5002770,177.8
2014-07-19T03:42:02Z,-34.9700810,150.5003940,177.4
2014-07-19T03:42:03Z,-34.9699850,150.5005060,177.0
2014-07-19T03:42:04Z,-34.9698950,150.5006210,176.4
2014-07-19T03:42:05Z,-34.9697990,150.5007340,175.6
2014-07-19T03:42:06Z,-34.9697020,150.5008450,174.8
2014-07-19T03:42:07Z,-34.9696060,150.5009550,173.8
2014-07-19T03:42:08Z,-34.9695090,150.5010630,173.0
2014-07-19T03:42:09Z,-34.9694150,150.5011730,172.2
2014-07-19T03:42:10Z,-34.9693130,150.5012850,171.4
2014-07-19T03:42:11Z,-34.9692060,150.5013960,170.6
2014-07-19T03:42:12Z,-34.9691000,150.5015040,169.8
2014-07-19T03:42:13Z,-34.9689990,150.5016120,169.0
2014-07-19T03:42:14Z,-34.9688880,150.5017190,169.0
2014-07-19T03:42:18Z,-34.9684860,150.5021510,168.6
2014-07-19T03:42:19Z,-34.9683800,150.5022500,168.2
2014-07-19T03:42:20Z,-34.9682820,150.5023480,167.8
2014-07-19T03:42:21Z,-34.9681820,150.5024500,167.4
2014-07-19T03:42:22Z,-34.9680900,150.5025440,166.8
2014-07-19T03:42:23Z,-34.9679880,150.5026540,166.4
2014-07-19T03:42:24Z,-34.9678890,150.5027570,166.0
2014-07-19T03:42:25Z,-34.9677790,150.5028700,165.6
2014-07-19T03:42:26Z,-34.9676790,150.5029770,165.2
2014-07-19T03:42:27Z,-34.9675750,150.5030870,164.8
2014-07-19T03:42:31Z,-34.9671480,150.5035360,164.2
2014-07-19T03:42:32Z,-34.9670390,150.5036490,163.8
2014-07-19T03:42:33Z,-34.9669380,150.5037570,163.4
2014-07-19T03:42:34Z,-34.9668250,150.5038720,162.8
2014-07-19T03:42:35Z,-34.9667180,150.5039860,162.2
2014-07-19T03:42:36Z,-34.9666210,150.5040940,161.6
2014-07-19T03:42:37Z,-34.9665070,150.5042050,161.0
2014-07-19T03:42:38Z,-34.9663920,150.5043220,160.2
2014-07-19T03:42:39Z,-34.9662840,150.5044360,159.4
2014-07-19T03:42:40Z,-34.9661760,150.5045400,158.6
2014-07-19T03:42:41Z,-34.9660670,150.5046510,157.8
2014-07-19T03:42:42Z,-34.9659670,150.5047630,157.0
2014-07-19T03:42:45Z,-34.9656480,150.5050910,156.6
2014-07-19T03:42:46Z,-34.9655490,150.5051980,156.0
2014-07-19T03:42:47Z,-34.9654410,150.5053060,155.4
2014-07-19T03:42:48Z,-34.9653440,150.5054100,154.8
2014-07-19T03:42:49Z,-34.9652430,150.5055180,154.2
2014-07-19T03:42:54Z,-34.9647540,150.5060340,154.2
2014-07-19T03:42:59Z,-34.9642710,150.5065390,154.2
2014-07-19T03:43:01Z,-34.9640750,150.5067420,154.2
2014-07-19T03:43:06Z,-34.9636110,150.5072280,154.2
2014-07-19T03:43:07Z,-34.9635250,150.5073200,154.2
2014-07-19T03:43:12Z,-34.9635250,150.5073200,154.2
2014-07-19T03:43:15Z,-34.9628660,150.5080100,154.2
2014-07-19T03:43:20Z,-34.9624530,150.5084470,154.2
2014-07-19T03:43:23Z,-34.9622150,150.5086900,154.2
2014-07-19T03:43:29Z,-34.9617270,150.5091980,154.2
2014-07-19T03:43:32Z,-34.9614750,150.5094590,154.2
2014-07-19T03:43:37Z,-34.9610520,150.5099180,154.2
2014-07-19T03:43:39Z,-34.9608800,150.5100970,154.2
2014-07-19T03:43:44Z,-34.9604620,150.5105110,154.2
2014-07-19T03:43:47Z,-34.9601960,150.5107410,154.2
2014-07-19T03:43:52Z,-34.9597120,150.5111010,154.2
2014-07-19T03:43:53Z,-34.9596110,150.5111690,154.2
2014-07-19T03:43:58Z,-34.9591160,150.5114720,154.2
2014-07-19T03:43:59Z,-34.9590120,150.5115310,154.2
2014-07-19T03:44:04Z,-34.9585190,150.5117910,154.2
2014-07-19T03:44:06Z,-34.9583120,150.5118810,153.8
2014-07-19T03:44:07Z,-34.9582090,150.5119250,153.4
2014-07-19T03:44:08Z,-34.9580940,150.5119700,153.0
2014-07-19T03:44:09Z,-34.9579930,150.5120150,152.6
2014-07-19T03:44:10Z,-34.9578890,150.5120620,152.2
2014-07-19T03:44:14Z,-34.9574640,150.5122520,152.2
2014-07-19T03:44:19Z,-34.9569380,150.5124940,152.2
2014-07-19T03:44:22Z,-34.9566200,150.5126340,152.2
2014-07-19T03:44:23Z,-34.9565130,150.5126820,152.2
2014-07-19T03:44:27Z,-34.9560800,150.5128840,151.8
2014-07-19T03:44:28Z,-34.9559780,150.5129320,151.4
2014-07-19T03:44:29Z,-34.9558740,150.5129770,151.0
2014-07-19T03:44:30Z,-34.9557710,150.5130220,150.6
2014-07-19T03:44:31Z,-34.9556730,150.5130690,150.2
2014-07-19T03:44:32Z,-34.9555710,150.5131170,150.2
2014-07-19T03:44:38Z,-34.9549660,150.5133880,150.2
2014-07-19T03:44:42Z,-34.9545700,150.5135660,150.2
2014-07-19T03:44:48Z,-34.9540050,150.5138240,150.6
2014-07-19T03:44:49Z,-34.9539080,150.5138650,151.4
2014-07-19T03:44:51Z,-34.9537310,150.5139570,152.2
2014-07-19T03:44:57Z,-34.9531850,150.5142190,152.2
2014-07-19T03:45:03Z,-34.9525920,150.5144220,152.2
2014-07-19T03:45:04Z,-34.9524930,150.5144550,152.2
2014-07-19T03:45:09Z,-34.9519680,150.5145810,151.8
2014-07-19T03:45:10Z,-34.9518600,150.5145970,151.2
2014-07-19T03:45:11Z,-34.9517560,150.5146090,150.8
2014-07-19T03:45:12Z,-34.9516530,150.5146200,150.2
2014-07-19T03:45:13Z,-34.9515550,150.5146310,149.8
2014-07-19T03:45:18Z,-34.9510390,150.5146540,149.8
2014-07-19T03:45:24Z,-34.9504140,150.5146260,149.8
2014-07-19T03:45:30Z,-34.9497930,150.5145470,149.8
2014-07-19T03:45:31Z,-34.9496960,150.5145330,149.8
2014-07-19T03:45:37Z,-34.9490850,150.5144720,149.8
2014-07-19T03:45:39Z,-34.9488730,150.5144490,149.4
2014-07-19T03:45:40Z,-34.9487750,150.5144350,149.0
2014-07-19T03:45:41Z,-34.9486740,150.5144220,148.4
2014-07-19T03:45:42Z,-34.9485720,150.5144070,148.0
2014-07-19T03:45:43Z,-34.9484720,150.5143940,147.6
2014-07-19T03:45:48Z,-34.9479320,150.5143210,147.6
2014-07-19T03:45:53Z,-34.9473510,150.5142380,147.6
2014-07-19T03:45:56Z,-34.9470040,150.5142030,147.6
2014-07-19T03:46:01Z,-34.9463870,150.5141970,147.6
2014-07-19T03:46:06Z,-34.9458160,150.5142620,147.6
2014-07-19T03:46:07Z,-34.9457060,150.5142850,147.6
2014-07-19T03:46:12Z,-34.9451650,150.5144450,147.2
2014-07-19T03:46:13Z,-34.9450610,150.5144840,146.8
2014-07-19T03:46:14Z,-34.9449570,150.5145280,146.4
2014-07-19T03:46:15Z,-34.9448570,150.5145740,146.0
2014-07-19T03:46:16Z,-34.9447560,150.5146230,145.6
2014-07-19T03:46:19Z,-34.9444690,150.5147830,145.6
2014-07-19T03:46:25Z,-34.9439200,150.5151450,145.6
2014-07-19T03:46:26Z,-34.9438310,150.5152140,145.2
2014-07-19T03:46:27Z,-34.9437520,150.5152740,144.8
2014-07-19T03:46:28Z,-34.9436710,150.5153470,144.4
2014-07-19T03:46:29Z,-34.9435830,150.5154220,143.8
2014-07-19T03:46:30Z,-34.9434990,150.5154950,143.4
2014-07-19T03:46:33Z,-34.9432450,150.5157310,143.4
2014-07-19T03:46:39Z,-34.9427820,150.5162470,143.4
2014-07-19T03:46:40Z,-34.9427090,150.5163390,143.4
2014-07-19T03:46:46Z,-34.9427090,150.5163390,143.4
2014-07-19T03:46:48Z,-34.9421970,150.5171650,143.4
2014-07-19T03:46:49Z,-34.9421440,150.5172620,143.0
2014-07-19T03:46:50Z,-34.9420920,150.5173660,142.6
2014-07-19T03:46:51Z,-34.9420470,150.5174840,142.0
2014-07-19T03:46:52Z,-34.9420010,150.5175820,142.4
2014-07-19T03:46:53Z,-34.9419570,150.5176920,142.8
2014-07-19T03:46:54Z,-34.9419110,150.5178040,143.0
2014-07-19T03:46:55Z,-34.9418630,150.5179190,143.4
2014-07-19T03:46:56Z,-34.9418190,150.5180390,143.8
2014-07-19T03:47:01Z,-34.9416290,150.5186720,143.8
2014-07-19T03:47:05Z,-34.9415080,150.5192070,143.2
2014-07-19T03:47:06Z,-34.9414860,150.5193620,142.8
2014-07-19T03:47:07Z,-34.9414650,150.5194900,142.4
2014-07-19T03:47:08Z,-34.9414440,150.5196290,142.0
2014-07-19T03:47:09Z,-34.9414270,150.5197740,141.4
2014-07-19T03:47:10Z,-34.9414130,150.5199180,141.0
2014-07-19T03:47:11Z,-34.9414030,150.5200660,140.4
2014-07-19T03:47:12Z,-34.9413900,150.5202180,140.0
2014-07-19T03:47:13Z,-34.9413790,150.5203700,139.4
2014-07-19T03:47:14Z,-34.9413750,150.5205290,139.0
2014-07-19T03:47:15Z,-34.9413760,150.5206860,138.6
2014-07-19T03:47:16Z,-34.9413770,150.5208460,138.2
2014-07-19T03:47:17Z,-34.9413740,150.5210010,137.4
2014-07-19T03:47:18Z,-34.9413810,150.5211630,136.8
2014-07-19T03:47:19Z,-34.9413930,150.5213230,136.0
2014-07-19T03:47:20Z,-34.9414050,150.5214900,135.4
2014-07-19T03:47:21Z,-34.9414170,150.5216520,134.8
2014-07-19T03:47:22Z,-34.9414260,150.5218090,134.2
2014-07-19T03:47:23Z,-34.9414340,150.5219780,133.6
2014-07-19T03:47:24Z,-34.9414360,150.5221370,133.0
2014-07-19T03:47:25Z,-34.9414410,150.5223030,132.2
2014-07-19T03:47:26Z,-34.9414460,150.5224630,131.6
2014-07-19T03:47:27Z,-34.9414460,150.5226320,131.0
2014-07-19T03:47:28Z,-34.9414500,150.5227960,130.2
2014-07-19T03:47:30Z,-34.9414610,150.5231210,129.4
2014-07-19T03:47:31Z,-34.9414690,150.5232840,129.0
2014-07-19T03:47:32Z,-34.9414740,150.5234480,128.6
2014-07-19T03:47:33Z,-34.9414810,150.5236140,128.2
2014-07-19T03:47:34Z,-34.9414890,150.5237810,127.6
2014-07-19T03:47:35Z,-34.9414990,150.5239440,127.2
2014-07-19T03:47:36Z,-34.9415080,150.5241160,126.6
2014-07-19T03:47:37Z,-34.9415230,150.5242810,126.2
2014-07-19T03:47:39Z,-34.9415380,150.5246130,125.8
2014-07-19T03:47:40Z,-34.9415490,150.5247830,125.4
2014-07-19T03:47:41Z,-34.9415560,150.5249470,125.0
2014-07-19T03:47:42Z,-34.9415620,150.5251160,124.4
2014-07-19T03:47:43Z,-34.9415760,150.5252870,124.0
2014-07-19T03:47:44Z,-34.9415870,150.5254560,123.4
2014-07-19T03:47:45Z,-34.9415940,150.5256260,122.8
2014-07-19T03:47:46Z,-34.9415940,150.5257920,122.2
2014-07-19T03:47:47Z,-34.9416000,150.5259640,121.4
2014-07-19T03:47:48Z,-34.9416100,150.5261300,120.6
2014-07-19T03:47:50Z,-34.9416240,150.5264550,119.6
2014-07-19T03:47:51Z,-34.9416350,150.5266150,118.8
2014-07-19T03:47:52Z,-34.9416430,150.5267730,117.8
2014-07-19T03:47:53Z,-34.9416540,150.5269380,117.0
2014-07-19T03:47:58Z,-34.9416930,150.5277040,116.4
2014-07-19T03:47:59Z,-34.9417060,150.5278520,116.0
2014-07-19T03:48:00Z,-34.9417130,150.5279990,115.6
2014-07-19T03:48:01Z,-34.9417190,150.5281470,115.0
2014-07-19T03:48:02Z,-34.9417230,150.5282910,114.6
2014-07-19T03:48:07Z,-34.9417300,150.5290020,114.6
2014-07-19T03:48:08Z,-34.9417270,150.5291490,114.2
2014-07-19T03:48:09Z,-34.9417260,150.5292890,113.8
2014-07-19T03:48:10Z,-34.9417280,150.5294290,113.2
2014-07-19T03:48:11Z,-34.9417270,150.5295630,112.8
2014-07-19T03:48:12Z,-34.9417190,150.5296980,112.4
2014-07-19T03:48:14Z,-34.9416870,150.5299590,112.4
2014-07-19T03:48:16Z,-34.9416760,150.5302100,112.4
2014-07-19T03:48:18Z,-34.9417870,150.5303990,112.4
2014-07-19T03:48:20Z,-34.9420020,150.5304470,111.8
2014-07-19T03:48:21Z,-34.9421120,150.5304420,111.2
2014-07-19T03:48:22Z,-34.9422110,150.5304340,110.6
2014-07-19T03:48:23Z,-34.9423120,150.5304310,110.0
2014-07-19T03:48:24Z,-34.9424110,150.5304220,109.2
2014-07-19T03:48:26Z,-34.9425980,150.5303680,109.2
2014-07-19T03:48:27Z,-34.9426950,150.5303070,109.2
2014-07-19T03:48:28Z,-34.9427700,150.5302640,109.8
2014-07-19T03:48:29Z,-34.9428490,150.5301900,110.2
2014-07-19T03:48:30Z,-34.9429220,150.5301160,110.6
2014-07-19T03:48:31Z,-34.9430060,150.5300490,111.0
2014-07-19T03:48:32Z,-34.9430990,150.5299890,111.4
2014-07-19T03:48:38Z,-34.9436120,150.5296470,111.4
2014-07-19T03:48:40Z,-34.9437750,150.5295210,111.4
2014-07-19T03:48:44Z,-34.9441080,150.5292990,112.0
2014-07-19T03:48:45Z,-34.9441930,150.5292370,112.4
2014-07-19T03:48:46Z,-34.9442640,150.5291860,112.8
2014-07-19T03:48:47Z,-34.9443350,150.5291340,113.4
2014-07-19T03:48:48Z,-34.9444080,150.5290840,113.8
2014-07-19T03:48:50Z,-34.9445360,150.5289830,114.4
2014-07-19T03:48:51Z,-34.9445970,150.5289330,114.8
2014-07-19T03:48:52Z,-34.9446370,150.5288870,115.2
2014-07-19T03:48:53Z,-34.9446870,150.5288400,115.8
